"SupDist","Shape_Leng","BARTDist","AssemDist","CongDist","NeighRep","PREC_2012","PREC_2010","Shape_Area"
11,10377.05024,9,19,14,"EXCELSIOR",1101,"1101",2862881.107
11,6913.385829,9,19,14,"EXCELSIOR",1102,"1104",2058348.398
11,6273.134507,9,19,14,"EXCELSIOR",1103,"1102",1807316.66
11,4503.686217,9,19,14,"EXCELSIOR",1104,"1105",844143.5878
11,5473.945732,9,19,14,"EXCELSIOR",1105,"1105",1180502.668
11,6401.508311,8,19,14,"INGLESIDE",1106,"1113",1774582.613
11,4818.150759,8,19,14,"INGLESIDE",1107,"1114",1423872.97
11,5733.433929,8,19,14,"INGLESIDE",1108,"1115",1766870.424
11,4985.944692,8,19,14,"INGLESIDE",1109,"1116",1353389.658
11,5601.305854,8,19,14,"INGLESIDE",1111,"1117",1743811.776
11,5418.308304,8,19,14,"INGLESIDE",1112,"1118",1575590.41
11,8791.45356,9,19,14,"EXCELSIOR",1113,"1119",2739010.233
11,7985.268381,9,19,14,"EXCELSIOR",1114,"1121",1955233.356
11,6459.413023,8,19,14,"INGLESIDE",1115,"1125",2016244.54
11,7721.885382,8,19,14,"INGLESIDE",1116,"1126",2034801.396
11,5396.459503,8,19,14,"INGLESIDE",1117,"1127",1592700.014
11,6333.941174,8,19,14,"INGLESIDE",1118,"1128",2377501.121
11,8103.244824,8,19,14,"INGLESIDE",1119,"1129",1764410.564
11,6882.889499,8,19,14,"EXCELSIOR",1121,"1133",1730010.544
11,5708.0291,8,19,14,"EXCELSIOR",1122,"1119",1506897.96
11,6854.493725,8,19,14,"INGLESIDE",1123,"1128",2032478.468
11,8407.046493,8,19,14,"INGLESIDE",1124,"1131",2176422.486
11,9905.026235,8,19,14,"EXCELSIOR",1125,"1132",3201817.571
11,7312.195142,8,19,14,"EXCELSIOR",1126,"1141",2198405.122
11,6391.647398,8,19,14,"EXCELSIOR",1127,"1142",1737304.105
11,6218.034161,8,19,14,"EXCELSIOR",1128,"1134",1531488.044
11,7903.548405,8,19,14,"EXCELSIOR",1129,"1143",2176075.089
11,6220.81212,8,19,14,"EXCELSIOR",1131,"1144",1355313.091
11,6216.869794,8,19,14,"EXCELSIOR",1132,"1135",1855166.607
11,7729.358689,8,19,14,"EXCELSIOR",1133,"1145",2081286.643
11,5213.815744,8,19,14,"EXCELSIOR",1134,"1146",1584293.67
11,5466.940457,8,19,14,"EXCELSIOR",1135,"1147",1509039.76
11,7669.788913,8,19,14,"EXCELSIOR",1136,"2008",1938396.603
11,7854.932083,9,17,12,"EXCELSIOR",1141,"1103",2240016.937
11,7281.808532,9,17,12,"EXCELSIOR",1142,"1106",1966345.061
11,5973.356403,9,17,12,"EXCELSIOR",1143,"1107",1718880.007
11,6117.664901,9,17,12,"EXCELSIOR",1144,"1108",1598344.536
11,7287.470634,9,17,12,"EXCELSIOR",1145,"1109",1925625.574
11,6544.254804,9,17,12,"EXCELSIOR",1146,"1122",1800060.729
11,6665.602008,9,17,12,"EXCELSIOR",1147,"1123",1605389.111
11,6424.018457,9,17,12,"EXCELSIOR",1148,"1138",1782718.529
11,7010.106715,9,17,12,"EXCELSIOR",1149,"1124",1653248.338
11,3549.66705,8,17,12,"VISITA VLY",1151,"2001",740068.4313
11,7276.914272,9,17,12,"EXCELSIOR",1152,"1136",1805418.657
11,7821.212965,9,17,12,"EXCELSIOR",1153,"1137",1665741.281
11,6875.853419,8,17,12,"EXCELSIOR",1154,"1137",2621980.68
10,9061.509786,9,17,12,"MISSION",7001,"3647",3130398.094
10,13683.07955,9,17,12,"POTRERO HILL",7002,"3001",7371061.375
10,7342.064867,9,17,12,"POTRERO HILL",7003,"3001",2091996.332
10,8781.502929,9,17,12,"POTRERO HILL",7004,"3002",2215441.445
10,5564.456296,9,17,12,"POTRERO HILL",7005,"3002",1626868.43
10,10692.16339,9,17,12,"POTRERO HILL",7006,"3003",3657285.621
10,7225.297622,9,17,12,"POTRERO HILL",7007,"3004",1812642.629
10,7083.158542,9,17,12,"POTRERO HILL",7008,"3005",1689860.54
10,9426.694747,9,17,12,"BAYVW/HTRSPT",7009,"3010",2925348.489
10,7636.706697,9,17,12,"POTRERO HILL",7011,"3009",2300954.696
10,11701.47871,9,17,12,"POTRERO HILL",7012,"3007",3985414.598
10,30060.04573,7,17,12,"POTRERO HILL",7013,"3011",5808447.896
10,29222.17589,7,17,12,"POTRERO HILL",7014,"3037",16562260.31
10,15509.66803,7,17,12,"BAYVW/HTRSPT",7015,"3012",11533072.2
10,14378.29182,7,17,12,"BAYVW/HTRSPT",7016,"3013",9488666.048
10,26882.92556,7,17,12,"BAYVW/HTRSPT",7017,"3014",17767839.18
10,8186.188842,7,17,12,"BAYVW/HTRSPT",7018,"3017",2775979.159
10,5924.417178,7,17,12,"BAYVW/HTRSPT",7019,"3018",1961224.967
10,5924.844562,7,17,12,"BAYVW/HTRSPT",7021,"3019",1549137.381
10,7337.788601,7,17,12,"BAYVW/HTRSPT",7022,"3020",2159547.72
10,7653.394264,7,17,12,"BAYVW/HTRSPT",7023,"3022",2394928.254
10,5332.433035,7,17,12,"BAYVW/HTRSPT",7024,"3016",1158053.25
10,13567.20777,7,17,12,"BAYVW/HTRSPT",7025,"3015",5758042.316
10,8755.304006,7,17,12,"BAYVW/HTRSPT",7026,"3023",2575669.93
10,6822.058666,7,17,12,"BAYVW/HTRSPT",7027,"3024",1813106.862
10,5785.657658,7,17,12,"BAYVW/HTRSPT",7028,"3025",1749426.032
10,8543.698565,7,17,12,"BAYVW/HTRSPT",7029,"3022",2265950.12
10,11142.25927,7,17,12,"BAYVW/HTRSPT",7030,"3028",4066437.194
10,11142.25927,7,17,12,"BAYVW/HTRSPT",7031,"3028",1896359.141
10,17481.09471,7,17,12,"BAYVW/HTRSPT",7032,"3031",6709669.261
10,11431.83258,7,17,12,"BAYVW/HTRSPT",7033,"3032",4437656.463
10,8760.587342,7,17,12,"BAYVW/HTRSPT",7034,"3027",2570629.595
10,51208.59107,7,17,12,"BAYVW/HTRSPT",7035,"3034",37005173.87
10,14101.33699,8,17,12,"VISITA VLY",7036,"2011",3536371.841
10,5172.7304,8,17,12,"VISITA VLY",7037,"2012",1570036.257
10,19340.00839,8,17,12,"VISITA VLY",7038,"2001",7737572.774
10,12242.17253,8,17,12,"VISITA VLY",7039,"2006",3477751.121
10,2198.298722,9,17,12,"PORTOLA",7041,"2005",180256.1555
10,6708.89176,7,17,12,"VISITA VLY",7042,"2005",1537450.807
10,11760.39211,7,17,12,"BAYVW/HTRSPT",7043,"3029",4645979.137
10,7525.418822,7,17,12,"BAYVW/HTRSPT",7044,"3035",2979755.865
10,7378.917549,8,17,12,"VISITA VLY",7045,"2001",1425242.91
10,4674.04583,7,17,12,"VISITA VLY",7046,"2007",936174.6743
10,6858.234499,8,17,12,"VISITA VLY",7047,"2018",2030851.451
10,7383.450757,8,17,12,"VISITA VLY",7048,"2014",1728042.329
10,6370.674862,8,17,12,"VISITA VLY",7049,"2016",2074475.194
10,6266.468196,8,17,12,"VISITA VLY",7051,"2017",1725680.434
10,9499.573571,8,17,12,"BAYVW/HTRSPT",7052,"2019",4517013.748
10,9655.814186,7,17,12,"BAYVW/HTRSPT",7053,"3039",4139148.64
10,27397.19863,7,17,12,"BAYVW/HTRSPT",7054,"3036",13885774.85
1,3316.100862,9,17,12,"HAIGHT ASH",7101,"3101",499576.2957
2,7510.253278,8,17,12,"MAR/PAC HTS",7201,"3205",1673455.551
2,10672.27577,8,17,12,"MAR/PAC HTS",7202,"3302",2616195.196
2,3347.030092,8,17,12,"MAR/PAC HTS",7203,"3229",679945.7231
2,5650.556559,8,17,12,"MAR/PAC HTS",7204,"3221",1166066.708
2,4681.156969,8,17,12,"MAR/PAC HTS",7205,"3306",990870.702
2,3594.184233,9,17,12,"MAR/PAC HTS",7206,"3502",509284.7809
2,3949.261985,9,17,12,"MAR/PAC HTS",7207,"3504",599641.5578
2,3355.479073,9,17,12,"MAR/PAC HTS",7208,"3243",573652.2432
2,3095.128657,9,17,12,"MAR/PAC HTS",7209,"3242",524615.6181
3,10098.65834,8,17,12,"N EMBRCDRO",7301,"3301",3340922.22
3,72592.59833,8,17,12,"N EMBRCDRO",7302,"3305",4588961.822
3,5601.547463,8,17,12,"CHINA",7303,"3302",990424.4877
3,4474.578187,8,17,12,"N EMBRCDRO",7304,"3303",993011.9252
3,4551.946407,8,17,12,"N EMBRCDRO",7305,"3304",955656.1201
3,3737.728386,8,17,12,"CHINA",7306,"3307",898702.1547
3,5273.766529,8,17,12,"N EMBRCDRO",7307,"3308",921796.9783
3,4964.67409,8,17,12,"N EMBRCDRO",7308,"3309",1132890.161
3,3341.923385,8,17,12,"CHINA",7309,"3312",642647.6854
3,4262.127983,8,17,12,"CHINA",7311,"3313",745680.5485
3,4758.776296,8,17,12,"CHINA",7312,"3315",950969.5956
3,4045.107525,8,17,12,"CHINA",7313,"3316",868522.2566
3,3953.812405,8,17,12,"CHINA",7314,"3317",660810.1173
3,4029.157722,8,17,12,"CHINA",7315,"3318",686028.278
3,3563.586767,8,17,12,"CHINA",7316,"3319",604060.4925
3,16870.15438,8,17,12,"N EMBRCDRO",7317,"3311",3951819.064
3,4611.493746,8,17,12,"CHINA",7318,"3314",693813.5772
3,5201.412418,9,17,12,"CHINA",7319,"3322",1115835.172
3,4820.632353,8,17,12,"CHINA",7321,"3326",507224.2524
3,3817.705526,8,17,12,"CHINA",7322,"3326",713673.8685
3,3948.071971,9,17,12,"CHINA",7323,"3331",808807.0679
3,3235.934413,9,17,12,"CHINA",7324,"3323",471796.6611
3,3552.315834,8,17,12,"CHINA",7325,"3324",628187.3234
3,4183.049328,8,17,12,"CHINA",7326,"3325",702884.0286
3,3196.53092,8,17,12,"CHINA",7327,"3336",616918.7857
3,4787.524304,8,17,12,"CVC CTR/DWTN",7328,"3337",1344089.572
3,12731.15412,8,17,12,"CVC CTR/DWTN",7329,"3328",3796750.839
3,16561.19242,8,17,12,"N EMBRCDRO",7331,"3329",3757711.902
3,4006.758565,9,17,12,"CVC CTR/DWTN",7332,"3338",824350.8178
3,3847.529475,9,17,12,"CHINA",7333,"3333",570062.5338
3,3296.844286,9,17,12,"CVC CTR/DWTN",7334,"3332",498874.1294
3,3905.21971,9,17,12,"CVC CTR/DWTN",7335,"3333",531590.2664
3,4613.949068,9,17,12,"CVC CTR/DWTN",7336,"3343",816269.2265
3,5088.492799,9,17,12,"CVC CTR/DWTN",7337,"3335",1207682.646
3,3229.043913,8,17,12,"CVC CTR/DWTN",7338,"3344",632560.6841
3,4381.703652,9,17,12,"CVC CTR/DWTN",7339,"3338",796333.8566
3,3997.507127,9,17,12,"CVC CTR/DWTN",7341,"3339",577582.5358
3,3316.678249,9,17,12,"CVC CTR/DWTN",7342,"3342",500374.8705
3,2611.417763,9,17,12,"CVC CTR/DWTN",7343,"3345",330654.0917
3,3032.112749,9,17,12,"CVC CTR/DWTN",7344,"3351",499770.4128
3,3301.201449,9,17,12,"CVC CTR/DWTN",7345,"3346",496035.2882
3,3574.037047,9,17,12,"CVC CTR/DWTN",7346,"3349",495635.8008
3,3305.33941,9,17,12,"CVC CTR/DWTN",7347,"3603",497236.359
3,9577.370629,9,17,12,"CVC CTR/DWTN",7348,"3347",3094803.778
3,6723.633399,9,17,12,"CVC CTR/DWTN",7349,"3348",2310798.905
5,3337.530456,9,17,12,"MAR/PAC HTS",7501,"3502",660125.038
5,4974.055856,9,17,12,"MAR/PAC HTS",7502,"3503",1002599.241
5,4001.24027,9,17,12,"MAR/PAC HTS",7503,"3504",663382.7784
5,5191.441331,9,17,12,"WST ADDITION",7504,"3505",1186628.319
5,3269.901958,9,17,12,"WST ADDITION",7505,"3506",592620.675
5,4197.556562,9,17,12,"WST ADDITION",7506,"3508",1060332.312
5,4789.260828,9,17,12,"WST ADDITION",7507,"3509",1389090.183
5,4775.339052,9,17,12,"WST ADDITION",7508,"3608",1394090.501
5,3364.979495,9,17,12,"MAR/PAC HTS",7509,"3243",519968.6519
5,4025.24976,9,17,12,"WST ADDITION",7511,"3609",983768.8601
5,2337.611494,9,17,12,"WST ADDITION",7512,"3519",330928.6449
5,4066.656355,9,17,12,"WST ADDITION",7513,"3510",828168.3118
5,4641.138502,9,17,12,"WST ADDITION",7514,"3522",1173957.274
5,4671.132618,9,17,12,"WST ADDITION",7515,"3523",1321429.955
5,4701.797499,9,17,12,"WST ADDITION",7516,"3650",1293255.744
5,4297.92614,9,17,12,"HAIGHT ASH",7517,"3524",833304.4695
5,4931.773727,9,17,12,"HAIGHT ASH",7518,"3525",985883.5224
5,4538.194776,9,17,12,"HAIGHT ASH",7519,"3516",660889.6936
5,4300.096772,9,17,12,"HAIGHT ASH",7521,"3526",841663.7004
5,7177.887016,9,17,12,"WST ADDITION",7522,"3518",1326032.077
5,4298.204865,9,17,12,"WST ADDITION",7523,"3527",674738.2346
5,4046.59156,9,17,12,"WST ADDITION",7524,"3521",663180.7743
5,3940.492349,9,17,12,"WST ADDITION",7525,"3532",813199.8142
5,5251.745248,9,17,12,"WST ADDITION",7526,"3533",1307792.632
5,8380.699662,9,17,12,NA,7527,"GG Park",1308359.83
5,4283.052032,9,17,12,"WST ADDITION",7528,"3528",820979.7624
5,4284.44475,9,17,12,"WST ADDITION",7529,"3529",834618.6329
5,3297.820437,9,17,12,"WST ADDITION",7531,"3531",659556.3694
5,4537.439445,9,17,12,"WST ADDITION",7532,"3533",659041.8917
5,4011.656627,9,17,12,"HAIGHT ASH",7533,"3534",949650.4224
5,4235.507178,9,17,12,"HAIGHT ASH",7534,"3535",822972.3614
5,4269.655022,9,17,12,"HAIGHT ASH",7535,"3536",665355.7635
5,3843.961273,9,17,12,"HAIGHT ASH",7536,"3537",771288.0513
5,4028.580047,9,17,12,"HAIGHT ASH",7537,"3538",661516.3635
5,3323.074238,9,17,12,"HAIGHT ASH",7538,"3539",675486.6145
5,3981.661764,9,17,12,"WST ADDITION",7539,"3541",659617.6222
5,3710.002525,9,17,12,"WST ADDITION",7541,"3542",663371.685
5,3983.746614,9,17,12,"WST ADDITION",7542,"3543",659973.9055
5,4953.185867,9,17,12,"WST ADDITION",7543,"3803",827274.7699
5,4944.625518,9,17,12,"WST ADDITION",7544,"3544",790232.9876
5,4716.481783,9,17,12,"WST ADDITION",7545,"3545",1068385.145
5,4274.610622,9,17,12,"HAIGHT ASH",7546,"3548",995599.7797
5,5218.208983,9,17,12,"HAIGHT ASH",7547,"3546",870282.9796
5,4913.934445,9,17,12,"HAIGHT ASH",7548,"3547",1030210.004
5,4483.83321,9,17,12,"INNER SUNSET",7549,"2515",871329.0345
5,4263.738248,9,17,12,"HAIGHT ASH",7551,"3551",779880.5029
5,5055.052358,9,17,12,"HAIGHT ASH",7552,"3552",802995.615
5,2202.865554,9,17,12,"INNER SUNSET",7553,"2510",447914.0172
5,8465.015874,9,17,12,"INNER SUNSET",7554,"2703",2730107.657
5,4724.076574,9,17,12,"HAIGHT ASH",7555,"3553",1183165.84
5,5852.130834,9,17,12,"HAIGHT ASH",7556,"3554",1324908.186
5,4238.113474,9,17,12,"HAIGHT ASH",7557,"3555",603987.4767
6,3301.045179,9,17,12,"CVC CTR/DWTN",7601,"3601",486261.1241
6,3020.805508,9,17,12,"CVC CTR/DWTN",7602,"3602",494894.4949
6,2341.446873,9,17,12,"CVC CTR/DWTN",7603,"3602",331572.779
6,2338.881028,9,17,12,"CVC CTR/DWTN",7604,"3604",332663.2893
6,2337.278229,9,17,12,"CVC CTR/DWTN",7605,"3605",330816.9423
6,4619.554784,9,17,12,"CVC CTR/DWTN",7606,"3611",737820.0348
6,2332.060588,9,17,12,"CVC CTR/DWTN",7607,"3610",329469.5214
6,1652.610159,9,17,12,"CVC CTR/DWTN",7608,"3613",164444.1543
6,2335.260222,9,17,12,"CVC CTR/DWTN",7609,"3614",330081.8201
6,4454.429392,9,17,12,"CVC CTR/DWTN",7611,"3606",766694.4228
6,3753.324409,9,17,12,"CVC CTR/DWTN",7612,"3651",607672.1463
6,4010.762625,9,17,12,"CVC CTR/DWTN",7613,"3617",1004416.291
6,3023.256293,9,17,12,"CVC CTR/DWTN",7614,"3618",495156.8859
6,2335.640029,9,17,12,"CVC CTR/DWTN",7615,"3619",330107.7955
6,5506.312311,9,17,12,"CVC CTR/DWTN",7616,"3616",1518292.891
6,6600.287227,9,17,12,"CVC CTR/DWTN",7617,"3621",1301147.65
6,5724.298602,9,17,12,"MISSION",7618,"3623",1768057.448
6,7762.730102,9,17,12,"SOMA",7619,"3624",3015479.009
6,5764.195922,9,17,12,"SOMA",7621,"3625",1200824.378
6,3450.825448,9,17,12,"SOMA",7622,"3625",659661.6002
6,4449.344131,9,17,12,"SOMA",7623,"3636",492342.1041
6,4831.49281,9,17,12,"SOMA",7624,"3626",1374775.51
6,8946.471984,9,17,12,"SOMA",7625,"3627",3791342.033
6,6064.465975,9,17,12,"SOMA",7626,"3657",1708039.426
6,11753.46617,7,17,12,"SOMA",7627,"3628",6293805.992
6,8503.899992,9,17,12,"MISSION",7628,"3634",2703653.858
6,5247.662452,9,17,12,"SOMA",7629,"3620",1212667.366
6,6254.533911,9,17,12,"SOMA",7631,"3630",1071962.211
6,9347.454606,9,17,12,"SOMA",7632,"3635",5129642.16
6,7373.114895,9,17,12,"SOMA",7633,"3637",1946569.101
6,5614.123449,9,17,12,"SOMA",7634,"3638",1233665.603
6,9391.013596,7,17,12,"SOMA",7635,"3639",3936128.12
6,6651.606192,7,17,12,"SOMA",7636,"3641",2416967.128
6,8695.395196,7,17,12,"SOMA",7637,"3653",1738670.537
6,8061.927605,7,17,12,"SOMA",7638,"3652",1768575.568
6,5725.575748,7,17,12,"SOMA",7639,"3640",1782304.687
6,6263.941102,7,17,12,"SOMA",7641,"3648",1408313.701
6,13503.57186,7,17,12,"SOMA",7642,"3642",2388111.356
6,10504.34948,7,17,12,"POTRERO HILL",7643,"3658",1421887.777
6,8258.757572,7,17,12,"POTRERO HILL",7644,"3654",1191201.736
6,47307.84953,7,17,12,"POTRERO HILL",7645,"3654",2251129.105
6,23442.51399,7,17,12,"POTRERO HILL",7646,"3643",13066641.83
6,22904.259,7,17,12,"SOMA",7647,"3631",18312790.51
6,17181.97732,7,17,12,"SOMA",7648,"3655",10512904.17
7,8753.097628,9,17,12,"W TWIN PKS",7701,"2707",3089565.961
7,16951.35116,9,17,12,"W TWIN PKS",7702,"2708",5911880.746
7,9397.732996,9,17,12,"W TWIN PKS",7703,"2716",3499347.85
7,14138.38309,9,17,12,"W TWIN PKS",7704,"2717",4039266.282
7,14718.822,9,17,12,"W TWIN PKS",7705,"2709",4567750.259
7,9602.909737,8,17,12,"W TWIN PKS",7706,"2736",4321083.437
7,9016.97424,8,17,12,"W TWIN PKS",7707,"2737",2669140.492
7,9291.804984,8,17,12,"W TWIN PKS",7708,"2742",2441972.612
7,3748.719245,8,17,12,"W TWIN PKS",7709,"2743",711483.409
7,9554.298878,8,17,12,"W TWIN PKS",7711,"3701",1590621.568
7,6789.612211,9,17,12,"W TWIN PKS",7712,"3703",990393.7334
8,7394.105082,9,17,12,"UPRMKT/EURKA",7801,"3808",1412066.668
8,8381.245318,9,17,12,"UPRMKT/EURKA",7802,"3801",2906885.269
8,9283.093272,9,17,12,"UPRMKT/EURKA",7803,"3809",2181950.339
8,6741.436573,9,17,12,"UPRMKT/EURKA",7804,"3809",1216382.84
8,6789.595267,9,17,12,"UPRMKT/EURKA",7805,"3805",1337207.097
8,5120.478213,9,17,12,"UPRMKT/EURKA",7806,"3802",924794.7636
8,4435.419735,9,17,12,"UPRMKT/EURKA",7807,"3812",784381.0349
8,3191.839984,9,17,12,"UPRMKT/EURKA",7808,"3806",609224.8041
8,7327.989036,9,17,12,"UPRMKT/EURKA",7809,"3804",1325544.829
8,3981.395041,9,17,12,"MISSION",7811,"3622",763638.3451
8,4397.017366,9,17,12,"MISSION",7812,"3807",687291.4586
8,4634.621488,9,17,12,"UPRMKT/EURKA",7813,"3814",922003.3621
8,3645.843316,9,17,12,"MISSION",7814,"3644",770635.9184
8,8328.665,9,17,12,"UPRMKT/EURKA",7815,"3816",1617665.435
8,4663.069255,9,17,12,"UPRMKT/EURKA",7816,"3817",966224.1832
8,4869.255356,9,17,12,"UPRMKT/EURKA",7817,"3823",976310.4961
8,4940.461174,9,17,12,"UPRMKT/EURKA",7818,"3813",1139991.752
8,3759.623447,9,17,12,"MISSION",7819,"3815",791142.0398
8,5882.930829,9,17,12,"UPRMKT/EURKA",7821,"3819",1296875.544
8,5582.101754,9,17,12,"UPRMKT/EURKA",7822,"3821",1175601.322
8,6175.106577,9,17,12,"UPRMKT/EURKA",7823,"3822",1124545.891
8,3788.162972,9,17,12,"UPRMKT/EURKA",7824,"3823",765514.3756
8,4386.523096,9,17,12,"UPRMKT/EURKA",7825,"3824",733166.8153
8,3709.558206,9,17,12,"MISSION",7826,"3825",582769.6585
8,3644.050134,9,17,12,"MISSION",7827,"3833",772325.5433
8,7256.416009,9,17,12,"UPRMKT/EURKA",7828,"3826",1693239.015
8,7900.473556,9,17,12,"UPRMKT/EURKA",7829,"3827",1549916.379
8,5480.458227,9,17,12,"UPRMKT/EURKA",7831,"3828",1105383.6
8,6591.860485,9,17,12,"UPRMKT/EURKA",7832,"3832",1885434.607
8,3723.374115,9,17,12,"MISSION",7833,"3834",810382.7671
8,4328.839842,9,17,12,"MISSION",7834,"3833",828461.3546
8,15052.3219,9,17,12,"NOE VALLEY",7835,"3835",2933604.086
8,7498.121692,9,17,12,"NOE VALLEY",7836,"3836",1374942.22
8,9136.73859,9,17,12,"NOE VALLEY",7837,"3837",1681708.923
8,6027.684298,9,17,12,"NOE VALLEY",7838,"3838",1657782.668
8,5929.192719,9,17,12,"NOE VALLEY",7839,"3831",1679201.477
8,5547.508396,9,17,12,"NOE VALLEY",7841,"3842",1330500.445
8,4864.687575,9,17,12,"MISSION",7842,"3849",1003963.596
8,4199.129021,9,17,12,"MISSION",7843,"3844",674633.6494
8,4078.882758,9,17,12,"MISSION",7844,"3843",684523.1468
8,6765.570385,9,17,12,"NOE VALLEY",7845,"3845",1599206.121
8,5456.482711,9,17,12,"NOE VALLEY",7846,"3839",1484350.685
8,6080.666472,9,17,12,"NOE VALLEY",7847,"3829",1313129.196
8,4929.91071,9,17,12,"NOE VALLEY",7848,"3841",1413654.68
8,5006.615898,9,17,12,"NOE VALLEY",7849,"3848",1117048.335
8,10065.77549,9,17,12,"DIAMD HTS",7851,"3857",4595246.663
8,5400.088075,9,17,12,"DIAMD HTS",7852,"3852",1596092.708
8,7142.660157,9,17,12,"DIAMD HTS",7853,"3858",1747796.591
8,5512.958195,9,17,12,"NOE VALLEY",7854,"3846",1492136.301
8,5491.702142,9,17,12,"NOE VALLEY",7855,"3847",1410893.408
8,6344.355516,9,17,12,"NOE VALLEY",7856,"3856",1142930.311
8,5596.429033,9,17,12,"NOE VALLEY",7857,"3851",1387956.143
8,5832.306581,9,17,12,"MISSION",7858,"3911",761233.0762
8,6047.498886,9,17,12,"DIAMD HTS",7859,"3854",1797385.596
8,6045.987987,9,17,12,"DIAMD HTS",7861,"3855",1497639.837
8,6243.200702,9,17,12,"NOE VALLEY",7862,"3855",1312593.071
8,6004.1356,9,17,12,"NOE VALLEY",7863,"3861",1158244.135
8,4985.035531,9,17,12,"NOE VALLEY",7864,"3859",1312988.767
8,5762.375007,9,17,12,"NOE VALLEY",7865,"3865",1309574.564
8,11288.95024,9,17,12,"DIAMD HTS",7866,"3862",4482286.202
8,7171.068649,9,17,12,"DIAMD HTS",7867,"3866",1949783.53
8,9303.385998,9,17,12,"DIAMD HTS",7868,"3863",2574351.947
8,5821.969065,9,17,12,"S BERNAL HTS",7869,"3864",1556117.807
8,9025.328113,9,17,12,"DIAMD HTS",7871,"3869",2277629.557
8,6618.77914,9,17,12,"S BERNAL HTS",7872,"3867",1739485.961
8,7357.428724,9,17,12,"S BERNAL HTS",7873,"3868",1752779.071
8,6702.169554,9,17,12,"S BERNAL HTS",7874,"3935",1317431.048
8,6032.551851,9,17,12,"S BERNAL HTS",7875,"3935",1007501.386
9,6516.310831,9,17,12,"MISSION",7901,"3632",1935837.037
9,7741.073953,9,17,12,"MISSION",7902,"3634",3467861.144
9,4179.262791,9,17,12,"MISSION",7903,"3645",788233.1369
9,6163.40815,9,17,12,"MISSION",7904,"3646",1485313.563
9,7505.941616,9,17,12,"MISSION",7905,"3647",2540544.175
9,6235.832182,9,17,12,"MISSION",7906,"3646",1480809.297
9,6248.155151,9,17,12,"MISSION",7907,"3902",1486467.307
9,4889.0922,9,17,12,"MISSION",7908,"3903",931763.523
9,4236.787495,9,17,12,"MISSION",7909,"3904",895721.818
9,5053.896865,9,17,12,"MISSION",7911,"3905",968765.0433
9,4878.620218,9,17,12,"MISSION",7912,"3906",1299782.603
9,4771.58948,9,17,12,"MISSION",7913,"3907",1294418.43
9,3948.313563,9,17,12,"MISSION",7914,"3908",933318.8613
9,5125.571491,9,17,12,"MISSION",7915,"3909",960967.9223
9,6530.160365,9,17,12,"MISSION",7916,"3906",1307459.764
9,4233.419031,9,17,12,"MISSION",7917,"3912",1108075.465
9,4679.564887,9,17,12,"MISSION",7918,"3913",1022005.269
9,4364.967161,9,17,12,"MISSION",7919,"3917",1050820.263
9,5102.405141,9,17,12,"MISSION",7921,"3913",925160.0905
9,4879.942205,9,17,12,"MISSION",7922,"3914",1174037.302
9,5360.532829,9,17,12,"MISSION",7923,"3619",1087803.082
9,6224.454142,9,17,12,"MISSION",7924,"3916",1198194.372
9,8960.757064,9,17,12,"N BERNAL HTS",7925,"3919",1373112.576
9,5236.911104,9,17,12,"N BERNAL HTS",7926,"3921",1179724.082
9,6973.451487,9,17,12,"N BERNAL HTS",7927,"3924",1491895.407
9,6702.139243,9,17,12,"N BERNAL HTS",7928,"3924",1610564.772
9,5119.01227,9,17,12,"N BERNAL HTS",7929,"3923",1186461.784
9,9317.315008,9,17,12,"N BERNAL HTS",7931,"3924",2616490.06
9,7970.834944,9,17,12,"N BERNAL HTS",7932,"3926",1466027.903
9,11237.91161,9,17,12,"BAYVW/HTRSPT",7933,"3012",1604428.535
9,5049.522694,9,17,12,"N BERNAL HTS",7934,"3922",1000521.758
9,5964.727416,9,17,12,"N BERNAL HTS",7935,"3927",1365442.57
9,4401.452938,9,17,12,"N BERNAL HTS",7936,"3928",1101917.132
9,4884.479724,9,17,12,"N BERNAL HTS",7937,"3929",1362489.301
9,4909.45744,9,17,12,"S BERNAL HTS",7938,"3931",1421994.969
9,5294.149611,9,17,12,"S BERNAL HTS",7939,"3932",1115283.626
9,5232.574549,9,17,12,"S BERNAL HTS",7941,"3933",1133156.425
9,10354.7648,9,17,12,"S BERNAL HTS",7942,"3934",2542054.794
9,8904.118835,9,17,12,"S BERNAL HTS",7943,"3936",2346997.318
9,8014.446116,9,17,12,"S BERNAL HTS",7944,"3937",1964867.589
9,8521.955357,9,17,12,"S BERNAL HTS",7945,"3937",1636301.296
9,8622.546071,9,17,12,"PORTOLA",7946,"2901",2875239.449
9,7143.920227,9,17,12,"PORTOLA",7947,"2902",2449729.187
9,6567.040815,9,17,12,"PORTOLA",7948,"2903",1942523.684
9,5956.327731,9,17,12,"PORTOLA",7949,"2905",1344489.576
9,7028.956634,9,17,12,"PORTOLA",7951,"2905",2822487.927
9,6356.817025,9,17,12,"PORTOLA",7952,"2906",1933750.897
9,6315.716713,9,17,12,"PORTOLA",7953,"2904",1942059.628
9,12867.25903,8,17,12,"VISITA VLY",7954,"2001",6629915.929
9,7587.494066,9,17,12,"PORTOLA",7955,"2002",2904931.322
9,6691.56485,9,17,12,"PORTOLA",7956,"2004",2071834.588
9,6952.860629,9,17,12,"PORTOLA",7957,"2005",2264239.042
9,3563.215291,7,17,12,"PORTOLA",7958,"2004",763334.9282
10,4971.681471,8,19,14,"VISITA VLY",9001,"2009",691897.1742
1,9817.142665,8,19,12,"RICHMOND",9101,"2101",3277994.561
1,17498.53674,8,19,12,"RICHMOND",9102,"2101",11283932.16
1,5299.042714,8,19,12,"RICHMOND",9103,"2103",1521011.451
1,5290.426933,8,19,12,"RICHMOND",9104,"2104",1304150.828
1,5084.413086,8,19,12,"SECLF/PREHTS",9105,"2105",1263986.055
1,5491.721014,8,19,12,"SECLF/PREHTS",9106,"2106",1377707.374
1,5304.613954,8,19,12,"RICHMOND",9107,"2107",1309468.237
1,4460.696471,8,19,12,"RICHMOND",9108,"2108",1053804.622
1,5085.142547,8,19,12,"RICHMOND",9109,"2111",1540388.748
1,5224.119399,8,19,12,"RICHMOND",9111,"2109",1347884.673
1,6340.502441,8,19,12,"RICHMOND",9112,"2112",1638724.194
1,7130.495445,8,19,12,"SECLF/PREHTS",9113,"2204",1316890.918
1,6620.454142,8,19,12,"RICHMOND",9114,"2113",1775676.239
1,5314.293982,8,19,12,"RICHMOND",9115,"2114",1297462.598
1,5697.868518,8,19,12,"RICHMOND",9116,"2115",1292539.275
1,7453.885196,8,19,12,"RICHMOND",9117,"2118",1856342.751
1,5826.103096,8,19,12,"RICHMOND",9118,"2121",1482928.278
1,7686.645958,8,19,12,"RICHMOND",9119,"2119",1688128.924
1,6497.458638,8,19,12,"RICHMOND",9121,"2121",1686323.182
1,7278.970247,8,19,12,"RICHMOND",9122,"2122",2322561.747
1,5941.325122,8,19,12,"RICHMOND",9123,"2123",1265817.063
1,4669.583026,8,19,12,"RICHMOND",9124,"2124",1264630.83
1,5304.134632,8,19,12,"RICHMOND",9125,"2125",1262777.321
1,7271.534047,8,19,12,"RICHMOND",9126,"2126",1697467.96
1,6451.355165,8,19,12,"RICHMOND",9127,"2127",1885244.484
1,5756.00455,8,19,12,"RICHMOND",9128,"2128",1538456.096
1,5297.677131,8,19,12,"RICHMOND",9129,"2128",1053040.256
1,5257.846792,8,19,12,"RICHMOND",9131,"2129",1049931.21
1,5268.148948,8,19,12,"RICHMOND",9132,"2131",1261572.57
1,6436.935479,8,19,12,"RICHMOND",9133,"2132",1942215.236
1,6572.850116,8,19,12,"LRL HTS/ANZA",9134,"2133",1425192.172
1,14270.54342,8,19,12,"RICHMOND",9135,"2117",5845604.951
1,5199.258497,8,19,12,"RICHMOND",9136,"2135",1686172.502
1,5825.657424,8,19,12,"RICHMOND",9137,"2136",1900503.116
1,5202.015523,8,19,12,"RICHMOND",9138,"2137",1687522.76
1,5826.998596,8,19,12,"RICHMOND",9139,"2138",1690856.573
1,5941.324888,8,19,12,"RICHMOND",9141,"2139",1685459.33
1,6564.322679,8,19,12,"RICHMOND",9142,"2141",1477321.135
1,5823.169857,8,19,12,"RICHMOND",9143,"2142",1477061.539
1,5463.269619,8,19,12,"RICHMOND",9144,"2143",1404484.63
1,5519.095616,8,19,12,"RICHMOND",9145,"2145",1359654.369
1,4543.088777,8,19,12,"RICHMOND",9146,"2147",1046225.097
1,5047.974225,8,19,12,"RICHMOND",9147,"2147",1218152.504
1,5306.414398,8,19,12,"RICHMOND",9148,"2149",1307051.593
1,6187.269769,8,19,12,"LRL HTS/ANZA",9149,"2150",1465376.739
1,8028.234122,8,19,12,"LRL HTS/ANZA",9151,"2134",2587344.3
1,6165.550046,8,19,12,"LRL HTS/ANZA",9152,"2151",1424757.93
2,28721.48686,8,19,12,"MAR/PAC HTS",9201,"3200",27765537.28
2,38519.89706,8,19,12,"MAR/PAC HTS",9202,"3201",37305760.38
2,39088.08612,8,19,12,"MAR/PAC HTS",9203,"3202",3209336.127
2,29550.81859,8,19,12,"MAR/PAC HTS",9204,"3203",2386665.558
2,16208.53964,8,19,12,"MAR/PAC HTS",9205,"3204",3765915.668
2,5608.032917,8,19,12,"MAR/PAC HTS",9206,"3207",1325501.404
2,6073.658004,8,19,12,"MAR/PAC HTS",9207,"3210",1260874.827
2,6486.174399,8,19,12,"MAR/PAC HTS",9208,"3208",1580403.21
2,4353.857444,8,19,12,"MAR/PAC HTS",9209,"9205",1055092.238
2,5134.205052,8,19,12,"MAR/PAC HTS",9211,"3213",1110527.062
2,5976.574554,8,19,12,"MAR/PAC HTS",9212,"3209",1463625.422
2,4108.731287,8,19,12,"MAR/PAC HTS",9213,"3212",960324.5016
2,4415.435756,8,19,12,"MAR/PAC HTS",9214,"3214",942172.256
2,4978.233993,8,19,12,"MAR/PAC HTS",9215,"3215",1175610.298
2,4959.809129,8,19,12,"MAR/PAC HTS",9216,"3216",1248333.397
2,4946.569364,8,19,12,"MAR/PAC HTS",9217,"3217",1245509.582
2,4945.962712,8,19,12,"MAR/PAC HTS",9218,"3218",1163054.511
2,4312.641426,8,19,12,"MAR/PAC HTS",9219,"3219",815419.3184
2,6285.756097,8,19,12,"MAR/PAC HTS",9221,"3223",2148030.204
2,5939.984373,8,19,12,"MAR/PAC HTS",9222,"3224",1836359.118
2,4968.706094,8,19,12,"MAR/PAC HTS",9223,"3225",1171689.417
2,4006.280998,8,19,12,"MAR/PAC HTS",9224,"3226",1001633.766
2,5014.707699,8,19,12,"MAR/PAC HTS",9225,"3228",1167547.911
2,4296.448847,8,19,12,"MAR/PAC HTS",9226,"3227",847002.9602
2,6327.322132,8,19,12,"SECLF/PREHTS",9227,"2202",1940299.734
2,9079.42298,8,19,12,"SECLF/PREHTS",9228,"2200",3075748.029
2,10791.42536,8,19,12,"SECLF/PREHTS",9229,"2201",1712488.027
2,8725.950288,8,19,12,"SECLF/PREHTS",9231,"2203",1778124.994
2,6588.227411,8,19,12,"SECLF/PREHTS",9232,"2205",1828447.886
2,8083.577024,8,19,12,"SECLF/PREHTS",9233,"2206",2249336.022
2,6035.940076,8,19,12,"SECLF/PREHTS",9234,"2207",1357763.595
2,5323.318724,8,19,12,"SECLF/PREHTS",9235,"2208",1692163.979
2,4843.911881,8,19,12,"MAR/PAC HTS",9236,"2209",938638.2038
2,6187.347485,8,19,12,"MAR/PAC HTS",9237,"3231",1594415.097
2,5169.626479,8,19,12,"MAR/PAC HTS",9238,"3232",1117579.574
2,4863.485913,8,19,12,"MAR/PAC HTS",9239,"3233",950834.6481
2,4258.496406,8,19,12,"MAR/PAC HTS",9241,"3234",940330.0149
2,3266.689435,8,19,12,"MAR/PAC HTS",9242,"3239",606703.0487
2,3897.992668,8,19,12,"MAR/PAC HTS",9243,"2215",795977.2107
2,6503.961553,8,19,12,"MAR/PAC HTS",9244,"3235",1598285.375
2,5517.828782,8,19,12,"MAR/PAC HTS",9245,"3236",1118112.241
2,5474.96917,8,19,12,"MAR/PAC HTS",9246,"3237",1248489.956
2,4866.759932,8,19,12,"MAR/PAC HTS",9247,"3238",1272726.523
2,3298.206657,8,19,12,"MAR/PAC HTS",9248,"3241",622398.7513
2,6095.397817,8,19,12,"LRL HTS/ANZA",9249,"2211",1581307.687
2,7635.898164,8,19,12,"LRL HTS/ANZA",9251,"2212",1868838.306
2,6166.180297,8,19,12,"LRL HTS/ANZA",9252,"2213",1946613.296
2,5893.774779,8,19,12,"LRL HTS/ANZA",9253,"2214",1597018.199
2,6230.951926,9,19,12,"WST ADDITION",9254,"2216",1352763.518
2,8098.645678,8,19,12,"LRL HTS/ANZA",9255,"2217",996946.0998
2,5525.814408,9,19,12,"WST ADDITION",9256,"3501",831929.6165
2,4238.346461,9,19,12,"WST ADDITION",9257,"2219",462966.3401
2,6005.492537,8,19,12,"LRL HTS/ANZA",9258,"2218",2292512.42
4,14970.10203,8,19,12,"SUNSET",9401,"2401",5167965.937
4,5852.757386,8,19,12,"SUNSET",9402,"2402",1704496.112
4,6212.995468,8,19,12,"SUNSET",9403,"2403",1694594.645
4,5626.553356,8,19,12,"SUNSET",9404,"2404",1955954.796
4,5230.164191,8,19,12,"SUNSET",9405,"2405",1708298.409
4,5243.016831,8,19,12,"SUNSET",9406,"2406",1713168.476
4,5242.989794,8,19,12,"SUNSET",9407,"2407",1501092.389
4,5368.130392,8,19,12,"SUNSET",9408,"2408",1083393.323
4,4034.395154,9,19,12,"INNER SUNSET",9409,"2505",858257.494
4,5958.22435,8,19,12,"SUNSET",9411,"2409",1277157.737
4,5822.281604,8,19,12,"SUNSET",9412,"2409",1688581.12
4,6765.075468,8,19,12,"SUNSET",9413,"2412",1781280.926
4,6648.824594,8,19,12,"SUNSET",9414,"2413",1810697.026
4,5709.136911,8,19,12,"SUNSET",9415,"2414",1480863.721
4,6404.328174,8,19,12,"SUNSET",9416,"2416",1868915.033
4,5943.181114,8,19,12,"SUNSET",9417,"2417",1899587.852
4,6288.379321,8,19,12,"SUNSET",9418,"2418",2169737.024
4,7398.541571,8,19,12,"SUNSET",9419,"2419",2346983.175
4,5818.604981,8,19,12,"SUNSET",9421,"2422",2106856.022
4,5872.9316,8,19,12,"SUNSET",9422,"2423",2098571.523
4,6359.508588,8,19,12,"SUNSET",9423,"2415",1685365.67
4,6559.742243,8,19,12,"SUNSET",9424,"2416",2110987.453
4,10142.95113,8,19,12,"SUNSET",9425,"2429",4373491.801
4,6166.509163,8,19,12,"SUNSET",9426,"2425",2145047.342
4,7681.786961,8,19,12,"SUNSET",9427,"2421",2320847.65
4,6491.985211,8,19,12,"SUNSET",9428,"2427",2106999.412
4,6908.269041,8,19,12,"SUNSET",9429,"2431",2471123.901
4,7803.513416,8,19,12,"SUNSET",9431,"2432",2320883.245
4,8421.006455,8,19,12,"SUNSET",9432,"2426",3796116.795
4,7227.101171,8,19,12,"SUNSET",9433,"2434",2319633.757
4,6804.786295,8,19,12,"SUNSET",9434,"2428",2062445.351
4,6566.974054,8,19,12,"SUNSET",9435,"2436",2110629.014
4,6895.413073,8,19,12,"SUNSET",9436,"2437",2293108.833
4,6157.289809,8,19,12,"SUNSET",9437,"2438",2348191.427
4,5820.186738,8,19,12,"SUNSET",9438,"2439",2108309.093
4,8341.064996,8,19,12,"SUNSET",9439,"2433",2975336.525
4,13915.03524,8,19,12,"SUNSET",9441,"2441",4954216.548
4,5944.750909,8,19,12,"SUNSET",9442,"2435",1972481.299
4,7057.613857,8,19,12,"SUNSET",9443,"2442",1927707.067
4,6149.245249,8,19,12,"SUNSET",9444,"2443",2287643.134
4,6158.450094,8,19,12,"SUNSET",9445,"2444",2348403.593
4,7061.522034,8,19,12,"SUNSET",9446,"2445",2317013.948
4,7182.74998,8,19,12,"SUNSET",9447,"2446",1899704.95
4,8597.356981,8,19,12,"SUNSET",9448,"2447",2724418.157
4,6111.082001,8,19,12,"SUNSET",9449,"2448",2243862.839
4,5373.296949,8,19,12,"SUNSET",9451,"2440",1417134.105
4,9911.234955,8,19,12,"SUNSET",9452,"2451",2773781.176
4,12126.43641,8,19,14,"SUNSET",9453,"2449",4799484.72
5,2611.711816,9,19,12,"WST ADDITION",9501,"3501",330669.3808
5,2474.773929,8,19,12,"LRL HTS/ANZA",9502,"2217",306947.3199
5,5225.163462,9,19,12,"WST ADDITION",9503,"3501",956327.8192
5,3184.681201,9,19,12,"WST ADDITION",9504,"3500",461734.7081
5,6032.508028,9,19,12,"WST ADDITION",9505,"3507",1740890.875
5,4288.190199,9,19,12,"WST ADDITION",9506,"3514",835113.5878
5,5262.289892,9,19,12,"LRL HTS/ANZA",9507,"3512",842192.0996
5,4290.956743,9,19,12,"WST ADDITION",9508,"3513",672406.9613
5,3329.717384,9,19,12,"LRL HTS/ANZA",9509,"3511",672888.9897
5,3303.075374,9,19,12,"WST ADDITION",9511,"3512",498771.7942
5,4295.658867,9,19,12,"WST ADDITION",9512,"3517",665182.4135
5,4674.717371,9,19,12,"WST ADDITION",9513,"3515",826800.2536
5,17190.59373,9,19,12,NA,9514,"2514",8459104.91
5,4046.352104,9,19,12,"INNER SUNSET",9515,"2504",866771.1346
5,4679.09942,9,19,12,"INNER SUNSET",9516,"2506",1292731.776
5,4008.03556,9,19,12,"INNER SUNSET",9517,"2507",845958.8833
5,5356.030369,9,19,12,"INNER SUNSET",9518,"2508",1051434.085
5,5318.64453,9,19,12,"INNER SUNSET",9519,"2509",1156770.908
5,4528.285066,9,19,12,"INNER SUNSET",9521,"2512",927561.2772
5,4176.83946,9,19,12,"INNER SUNSET",9522,"2513",1066569.842
7,4563.012879,9,19,12,"INNER SUNSET",9701,"2701",1036016.608
7,4509.983433,9,19,12,"INNER SUNSET",9702,"2702",1032345.981
7,7409.703588,8,19,12,"W TWIN PKS",9703,"2704",2032971.563
7,6569.08814,8,19,12,"W TWIN PKS",9704,"2705",2065307.485
7,5181.489486,8,19,12,"W TWIN PKS",9705,"2706",1464979.723
7,1924.815767,9,19,12,"W TWIN PKS",9706,"2706",148484.5206
7,8144.767764,8,19,12,"W TWIN PKS",9707,"2712",2354754.616
7,6615.538528,8,19,12,"W TWIN PKS",9708,"2713",1650853.395
7,8689.720906,8,19,12,"W TWIN PKS",9709,"2711",2580654.882
7,6295.633624,8,19,12,"W TWIN PKS",9711,"2714",1871439.895
7,8892.906783,8,19,14,"W TWIN PKS",9712,"2710",2275497.296
7,6388.7149,8,19,12,"W TWIN PKS",9713,"2718",2155827.208
7,8665.656315,8,19,14,"W TWIN PKS",9714,"2721",3261045.119
7,7475.403686,8,19,14,"W TWIN PKS",9715,"2715",1977284.82
7,7321.527804,8,19,12,"W TWIN PKS",9716,"2723",2127508.469
7,8559.174514,8,19,12,"W TWIN PKS",9717,"2724",2138138.29
7,7275.383932,8,19,14,"W TWIN PKS",9718,"2725",2586624.445
7,9073.186077,8,19,14,"W TWIN PKS",9719,"2726",3214123.554
7,7076.518117,8,19,14,"W TWIN PKS",9721,"2722",2074898.087
7,9139.503452,8,19,14,"W TWIN PKS",9722,"2720",2616745.358
7,14645.88325,8,19,14,"LAKE MERCED",9723,"2728",8541111.871
7,9451.790649,8,19,14,"LAKE MERCED",9724,"2729",4036903.376
7,12464.35458,8,19,14,"LAKE MERCED",9725,"2731",5748861.434
7,10118.9191,8,19,14,"LAKE MERCED",9726,"2730",3613751.909
7,7648.088779,8,19,14,"W TWIN PKS",9727,"2732",2518601.292
7,10151.54221,8,19,14,"W TWIN PKS",9728,"2733",3795108.229
7,8725.942588,8,19,14,"W TWIN PKS",9729,"2734",3805100.365
7,9773.598455,8,19,14,"W TWIN PKS",9731,"2735",2017285.883
7,1891.181533,8,19,12,"W TWIN PKS",9732,"2740",176065.4733
7,3663.752109,8,19,14,"W TWIN PKS",9733,"2727",724171.0424
7,7110.048718,8,19,14,"W TWIN PKS",9734,"2738",2488924.044
7,9363.493965,8,19,14,"W TWIN PKS",9735,"2739",2976609.848
7,7709.719488,8,19,14,"W TWIN PKS",9736,"2741",2110887.334
7,7115.568735,8,19,14,"W TWIN PKS",9737,"2750",1829984.964
7,43240.38421,8,19,14,"LAKE MERCED",9738,"2728",54624283.91
7,8241.663917,8,19,14,"LAKE MERCED",9739,"2756",2215658.166
7,9217.429811,8,19,14,"LAKE MERCED",9741,"2745",4436991.884
7,8263.007699,8,19,14,"W TWIN PKS",9742,"2746",2419408.639
7,11729.82522,8,19,14,"LAKE MERCED",9743,"2759",3542211.676
7,5058.55283,8,19,14,"LAKE MERCED",9744,"2757",1336874.758
7,9098.318655,8,19,14,"LAKE MERCED",9745,"2758",2291322.498
7,10451.85201,8,19,14,"W TWIN PKS",9746,"2747",4128597.686
7,9471.937108,8,19,14,"W TWIN PKS",9747,"1111",3139913.773
7,7268.43153,8,19,14,"W TWIN PKS",9748,"2749",2051519.313
7,5720.070557,8,19,14,"INGLESIDE",9749,"1112",1524780.504
7,9405.574512,8,19,14,"W TWIN PKS",9751,"2751",4350482.402
7,8880.798907,8,19,14,"W TWIN PKS",9752,"2752",1768077.919
7,12033.6119,8,19,14,"W TWIN PKS",9753,"2755",4740581.558
7,5040.922435,9,19,14,"W TWIN PKS",9754,"2753",1586740.324
7,4776.852632,9,19,14,"W TWIN PKS",9755,"3870",1320752.344
7,7333.011388,8,19,14,"EXCELSIOR",9756,"2761",2479539.685
8,5385.343237,9,19,14,"EXCELSIOR",9801,"1102",1119279.586
NA,5255.464164,NA,17,13,NA,9900,"4000",986374.858
8,3437.272841,9,17,14,"EXCELSIOR",9901,"1102",130863.6897
7,2843.755938,9,17,14,"EXCELSIOR",9902,"1101",154170.6217
1,18806.32584,9,19,12,NA,NA,"GG Park",11153275.99
1,30084.30993,8,19,12,NA,NA,"GG Park",27262183.41
