"id","pct_2012","pct_2010","neighborhood","supervisorial_district","BART_district","assembly_district","congressional_district"
"8400675PCT1101","1101","1101","EXCELSIOR",11,9,19,14
"8400675PCT1102","1102","1104","EXCELSIOR",11,9,19,14
"8400675PCT1103","1103","1102","EXCELSIOR",11,9,19,14
"8400675PCT1104","1104","1105","EXCELSIOR",11,9,19,14
"8400675PCT1105","1105","1105","EXCELSIOR",11,9,19,14
"8400675PCT1106","1106","1113","INGLESIDE",11,8,19,14
"8400675PCT1107","1107","1114","INGLESIDE",11,8,19,14
"8400675PCT1108","1108","1115","INGLESIDE",11,8,19,14
"8400675PCT1109","1109","1116","INGLESIDE",11,8,19,14
"8400675PCT1111","1111","1117","INGLESIDE",11,8,19,14
"8400675PCT1112","1112","1118","INGLESIDE",11,8,19,14
"8400675PCT1113","1113","1119","EXCELSIOR",11,9,19,14
"8400675PCT1114","1114","1121","EXCELSIOR",11,9,19,14
"8400675PCT1115","1115","1125","INGLESIDE",11,8,19,14
"8400675PCT1116","1116","1126","INGLESIDE",11,8,19,14
"8400675PCT1117","1117","1127","INGLESIDE",11,8,19,14
"8400675PCT1118","1118","1128","INGLESIDE",11,8,19,14
"8400675PCT1119","1119","1129","INGLESIDE",11,8,19,14
"8400675PCT1121","1121","1133","EXCELSIOR",11,8,19,14
"8400675PCT1122","1122","1119","EXCELSIOR",11,8,19,14
"8400675PCT1123","1123","1128","INGLESIDE",11,8,19,14
"8400675PCT1124","1124","1131","INGLESIDE",11,8,19,14
"8400675PCT1125","1125","1132","EXCELSIOR",11,8,19,14
"8400675PCT1126","1126","1141","EXCELSIOR",11,8,19,14
"8400675PCT1127","1127","1142","EXCELSIOR",11,8,19,14
"8400675PCT1128","1128","1134","EXCELSIOR",11,8,19,14
"8400675PCT1129","1129","1143","EXCELSIOR",11,8,19,14
"8400675PCT1131","1131","1144","EXCELSIOR",11,8,19,14
"8400675PCT1132","1132","1135","EXCELSIOR",11,8,19,14
"8400675PCT1133","1133","1145","EXCELSIOR",11,8,19,14
"8400675PCT1134","1134","1146","EXCELSIOR",11,8,19,14
"8400675PCT1135","1135","1147","EXCELSIOR",11,8,19,14
"8400675PCT1136","1136","2008","EXCELSIOR",11,8,19,14
"8400675PCT1141","1141","1103","EXCELSIOR",11,9,17,12
"8400675PCT1142","1142","1106","EXCELSIOR",11,9,17,12
"8400675PCT1143","1143","1107","EXCELSIOR",11,9,17,12
"8400675PCT1144","1144","1108","EXCELSIOR",11,9,17,12
"8400675PCT1145","1145","1109","EXCELSIOR",11,9,17,12
"8400675PCT1146","1146","1122","EXCELSIOR",11,9,17,12
"8400675PCT1147","1147","1123","EXCELSIOR",11,9,17,12
"8400675PCT1148","1148","1138","EXCELSIOR",11,9,17,12
"8400675PCT1149","1149","1124","EXCELSIOR",11,9,17,12
"8400675PCT1151","1151","2001","VISITA VLY",11,8,17,12
"8400675PCT1152","1152","1136","EXCELSIOR",11,9,17,12
"8400675PCT1153","1153","1137","EXCELSIOR",11,9,17,12
"8400675PCT1154","1154","1137","EXCELSIOR",11,8,17,12
"8400675PCT7001","7001","3647","MISSION",10,9,17,12
"8400675PCT7002","7002","3001","POTRERO HILL",10,9,17,12
"8400675PCT7003","7003","3001","POTRERO HILL",10,9,17,12
"8400675PCT7004","7004","3002","POTRERO HILL",10,9,17,12
"8400675PCT7005","7005","3002","POTRERO HILL",10,9,17,12
"8400675PCT7006","7006","3003","POTRERO HILL",10,9,17,12
"8400675PCT7007","7007","3004","POTRERO HILL",10,9,17,12
"8400675PCT7008","7008","3005","POTRERO HILL",10,9,17,12
"8400675PCT7009","7009","3010","BAYVW/HTRSPT",10,9,17,12
"8400675PCT7011","7011","3009","POTRERO HILL",10,9,17,12
"8400675PCT7012","7012","3007","POTRERO HILL",10,9,17,12
"8400675PCT7013","7013","3011","POTRERO HILL",10,7,17,12
"8400675PCT7014","7014","3037","POTRERO HILL",10,7,17,12
"8400675PCT7015","7015","3012","BAYVW/HTRSPT",10,7,17,12
"8400675PCT7016","7016","3013","BAYVW/HTRSPT",10,7,17,12
"8400675PCT7017","7017","3014","BAYVW/HTRSPT",10,7,17,12
"8400675PCT7018","7018","3017","BAYVW/HTRSPT",10,7,17,12
"8400675PCT7019","7019","3018","BAYVW/HTRSPT",10,7,17,12
"8400675PCT7021","7021","3019","BAYVW/HTRSPT",10,7,17,12
"8400675PCT7022","7022","3020","BAYVW/HTRSPT",10,7,17,12
"8400675PCT7023","7023","3022","BAYVW/HTRSPT",10,7,17,12
"8400675PCT7024","7024","3016","BAYVW/HTRSPT",10,7,17,12
"8400675PCT7025","7025","3015","BAYVW/HTRSPT",10,7,17,12
"8400675PCT7026","7026","3023","BAYVW/HTRSPT",10,7,17,12
"8400675PCT7027","7027","3024","BAYVW/HTRSPT",10,7,17,12
"8400675PCT7028","7028","3025","BAYVW/HTRSPT",10,7,17,12
"8400675PCT7029","7029","3022","BAYVW/HTRSPT",10,7,17,12
"8400675PCT7030","7030","3028","BAYVW/HTRSPT",10,7,17,12
"8400675PCT7031","7031","3028","BAYVW/HTRSPT",10,7,17,12
"8400675PCT7032","7032","3031","BAYVW/HTRSPT",10,7,17,12
"8400675PCT7033","7033","3032","BAYVW/HTRSPT",10,7,17,12
"8400675PCT7034","7034","3027","BAYVW/HTRSPT",10,7,17,12
"8400675PCT7035","7035","3034","BAYVW/HTRSPT",10,7,17,12
"8400675PCT7036","7036","2011","VISITA VLY",10,8,17,12
"8400675PCT7037","7037","2012","VISITA VLY",10,8,17,12
"8400675PCT7038","7038","2001","VISITA VLY",10,8,17,12
"8400675PCT7039","7039","2006","VISITA VLY",10,8,17,12
"8400675PCT7041","7041","2005","PORTOLA",10,9,17,12
"8400675PCT7042","7042","2005","VISITA VLY",10,7,17,12
"8400675PCT7043","7043","3029","BAYVW/HTRSPT",10,7,17,12
"8400675PCT7044","7044","3035","BAYVW/HTRSPT",10,7,17,12
"8400675PCT7045","7045","2001","VISITA VLY",10,8,17,12
"8400675PCT7046","7046","2007","VISITA VLY",10,7,17,12
"8400675PCT7047","7047","2018","VISITA VLY",10,8,17,12
"8400675PCT7048","7048","2014","VISITA VLY",10,8,17,12
"8400675PCT7049","7049","2016","VISITA VLY",10,8,17,12
"8400675PCT7051","7051","2017","VISITA VLY",10,8,17,12
"8400675PCT7052","7052","2019","BAYVW/HTRSPT",10,8,17,12
"8400675PCT7053","7053","3039","BAYVW/HTRSPT",10,7,17,12
"8400675PCT7054","7054","3036","BAYVW/HTRSPT",10,7,17,12
"8400675PCT7101","7101","3101","HAIGHT ASH",1,9,17,12
"8400675PCT7201","7201","3205","MAR/PAC HTS",2,8,17,12
"8400675PCT7202","7202","3302","MAR/PAC HTS",2,8,17,12
"8400675PCT7203","7203","3229","MAR/PAC HTS",2,8,17,12
"8400675PCT7204","7204","3221","MAR/PAC HTS",2,8,17,12
"8400675PCT7205","7205","3306","MAR/PAC HTS",2,8,17,12
"8400675PCT7206","7206","3502","MAR/PAC HTS",2,9,17,12
"8400675PCT7207","7207","3504","MAR/PAC HTS",2,9,17,12
"8400675PCT7208","7208","3243","MAR/PAC HTS",2,9,17,12
"8400675PCT7209","7209","3242","MAR/PAC HTS",2,9,17,12
"8400675PCT7301","7301","3301","N EMBRCDRO",3,8,17,12
"8400675PCT7302","7302","3305","N EMBRCDRO",3,8,17,12
"8400675PCT7303","7303","3302","CHINA",3,8,17,12
"8400675PCT7304","7304","3303","N EMBRCDRO",3,8,17,12
"8400675PCT7305","7305","3304","N EMBRCDRO",3,8,17,12
"8400675PCT7306","7306","3307","CHINA",3,8,17,12
"8400675PCT7307","7307","3308","N EMBRCDRO",3,8,17,12
"8400675PCT7308","7308","3309","N EMBRCDRO",3,8,17,12
"8400675PCT7309","7309","3312","CHINA",3,8,17,12
"8400675PCT7311","7311","3313","CHINA",3,8,17,12
"8400675PCT7312","7312","3315","CHINA",3,8,17,12
"8400675PCT7313","7313","3316","CHINA",3,8,17,12
"8400675PCT7314","7314","3317","CHINA",3,8,17,12
"8400675PCT7315","7315","3318","CHINA",3,8,17,12
"8400675PCT7316","7316","3319","CHINA",3,8,17,12
"8400675PCT7317","7317","3311","N EMBRCDRO",3,8,17,12
"8400675PCT7318","7318","3314","CHINA",3,8,17,12
"8400675PCT7319","7319","3322","CHINA",3,9,17,12
"8400675PCT7321","7321","3326","CHINA",3,8,17,12
"8400675PCT7322","7322","3326","CHINA",3,8,17,12
"8400675PCT7323","7323","3331","CHINA",3,9,17,12
"8400675PCT7324","7324","3323","CHINA",3,9,17,12
"8400675PCT7325","7325","3324","CHINA",3,8,17,12
"8400675PCT7326","7326","3325","CHINA",3,8,17,12
"8400675PCT7327","7327","3336","CHINA",3,8,17,12
"8400675PCT7328","7328","3337","CVC CTR/DWTN",3,8,17,12
"8400675PCT7329","7329","3328","CVC CTR/DWTN",3,8,17,12
"8400675PCT7331","7331","3329","N EMBRCDRO",3,8,17,12
"8400675PCT7332","7332","3338","CVC CTR/DWTN",3,9,17,12
"8400675PCT7333","7333","3333","CHINA",3,9,17,12
"8400675PCT7334","7334","3332","CVC CTR/DWTN",3,9,17,12
"8400675PCT7335","7335","3333","CVC CTR/DWTN",3,9,17,12
"8400675PCT7336","7336","3343","CVC CTR/DWTN",3,9,17,12
"8400675PCT7337","7337","3335","CVC CTR/DWTN",3,9,17,12
"8400675PCT7338","7338","3344","CVC CTR/DWTN",3,8,17,12
"8400675PCT7339","7339","3338","CVC CTR/DWTN",3,9,17,12
"8400675PCT7341","7341","3339","CVC CTR/DWTN",3,9,17,12
"8400675PCT7342","7342","3342","CVC CTR/DWTN",3,9,17,12
"8400675PCT7343","7343","3345","CVC CTR/DWTN",3,9,17,12
"8400675PCT7344","7344","3351","CVC CTR/DWTN",3,9,17,12
"8400675PCT7345","7345","3346","CVC CTR/DWTN",3,9,17,12
"8400675PCT7346","7346","3349","CVC CTR/DWTN",3,9,17,12
"8400675PCT7347","7347","3603","CVC CTR/DWTN",3,9,17,12
"8400675PCT7348","7348","3347","CVC CTR/DWTN",3,9,17,12
"8400675PCT7349","7349","3348","CVC CTR/DWTN",3,9,17,12
"8400675PCT7501","7501","3502","MAR/PAC HTS",5,9,17,12
"8400675PCT7502","7502","3503","MAR/PAC HTS",5,9,17,12
"8400675PCT7503","7503","3504","MAR/PAC HTS",5,9,17,12
"8400675PCT7504","7504","3505","WST ADDITION",5,9,17,12
"8400675PCT7505","7505","3506","WST ADDITION",5,9,17,12
"8400675PCT7506","7506","3508","WST ADDITION",5,9,17,12
"8400675PCT7507","7507","3509","WST ADDITION",5,9,17,12
"8400675PCT7508","7508","3608","WST ADDITION",5,9,17,12
"8400675PCT7509","7509","3243","MAR/PAC HTS",5,9,17,12
"8400675PCT7511","7511","3609","WST ADDITION",5,9,17,12
"8400675PCT7512","7512","3519","WST ADDITION",5,9,17,12
"8400675PCT7513","7513","3510","WST ADDITION",5,9,17,12
"8400675PCT7514","7514","3522","WST ADDITION",5,9,17,12
"8400675PCT7515","7515","3523","WST ADDITION",5,9,17,12
"8400675PCT7516","7516","3650","WST ADDITION",5,9,17,12
"8400675PCT7517","7517","3524","HAIGHT ASH",5,9,17,12
"8400675PCT7518","7518","3525","HAIGHT ASH",5,9,17,12
"8400675PCT7519","7519","3516","HAIGHT ASH",5,9,17,12
"8400675PCT7521","7521","3526","HAIGHT ASH",5,9,17,12
"8400675PCT7522","7522","3518","WST ADDITION",5,9,17,12
"8400675PCT7523","7523","3527","WST ADDITION",5,9,17,12
"8400675PCT7524","7524","3521","WST ADDITION",5,9,17,12
"8400675PCT7525","7525","3532","WST ADDITION",5,9,17,12
"8400675PCT7526","7526","3533","WST ADDITION",5,9,17,12
"8400675PCT7527","7527","GG Park",NA,5,9,17,12
"8400675PCT7528","7528","3528","WST ADDITION",5,9,17,12
"8400675PCT7529","7529","3529","WST ADDITION",5,9,17,12
"8400675PCT7531","7531","3531","WST ADDITION",5,9,17,12
"8400675PCT7532","7532","3533","WST ADDITION",5,9,17,12
"8400675PCT7533","7533","3534","HAIGHT ASH",5,9,17,12
"8400675PCT7534","7534","3535","HAIGHT ASH",5,9,17,12
"8400675PCT7535","7535","3536","HAIGHT ASH",5,9,17,12
"8400675PCT7536","7536","3537","HAIGHT ASH",5,9,17,12
"8400675PCT7537","7537","3538","HAIGHT ASH",5,9,17,12
"8400675PCT7538","7538","3539","HAIGHT ASH",5,9,17,12
"8400675PCT7539","7539","3541","WST ADDITION",5,9,17,12
"8400675PCT7541","7541","3542","WST ADDITION",5,9,17,12
"8400675PCT7542","7542","3543","WST ADDITION",5,9,17,12
"8400675PCT7543","7543","3803","WST ADDITION",5,9,17,12
"8400675PCT7544","7544","3544","WST ADDITION",5,9,17,12
"8400675PCT7545","7545","3545","WST ADDITION",5,9,17,12
"8400675PCT7546","7546","3548","HAIGHT ASH",5,9,17,12
"8400675PCT7547","7547","3546","HAIGHT ASH",5,9,17,12
"8400675PCT7548","7548","3547","HAIGHT ASH",5,9,17,12
"8400675PCT7549","7549","2515","INNER SUNSET",5,9,17,12
"8400675PCT7551","7551","3551","HAIGHT ASH",5,9,17,12
"8400675PCT7552","7552","3552","HAIGHT ASH",5,9,17,12
"8400675PCT7553","7553","2510","INNER SUNSET",5,9,17,12
"8400675PCT7554","7554","2703","INNER SUNSET",5,9,17,12
"8400675PCT7555","7555","3553","HAIGHT ASH",5,9,17,12
"8400675PCT7556","7556","3554","HAIGHT ASH",5,9,17,12
"8400675PCT7557","7557","3555","HAIGHT ASH",5,9,17,12
"8400675PCT7601","7601","3601","CVC CTR/DWTN",6,9,17,12
"8400675PCT7602","7602","3602","CVC CTR/DWTN",6,9,17,12
"8400675PCT7603","7603","3602","CVC CTR/DWTN",6,9,17,12
"8400675PCT7604","7604","3604","CVC CTR/DWTN",6,9,17,12
"8400675PCT7605","7605","3605","CVC CTR/DWTN",6,9,17,12
"8400675PCT7606","7606","3611","CVC CTR/DWTN",6,9,17,12
"8400675PCT7607","7607","3610","CVC CTR/DWTN",6,9,17,12
"8400675PCT7608","7608","3613","CVC CTR/DWTN",6,9,17,12
"8400675PCT7609","7609","3614","CVC CTR/DWTN",6,9,17,12
"8400675PCT7611","7611","3606","CVC CTR/DWTN",6,9,17,12
"8400675PCT7612","7612","3651","CVC CTR/DWTN",6,9,17,12
"8400675PCT7613","7613","3617","CVC CTR/DWTN",6,9,17,12
"8400675PCT7614","7614","3618","CVC CTR/DWTN",6,9,17,12
"8400675PCT7615","7615","3619","CVC CTR/DWTN",6,9,17,12
"8400675PCT7616","7616","3616","CVC CTR/DWTN",6,9,17,12
"8400675PCT7617","7617","3621","CVC CTR/DWTN",6,9,17,12
"8400675PCT7618","7618","3623","MISSION",6,9,17,12
"8400675PCT7619","7619","3624","SOMA",6,9,17,12
"8400675PCT7621","7621","3625","SOMA",6,9,17,12
"8400675PCT7622","7622","3625","SOMA",6,9,17,12
"8400675PCT7623","7623","3636","SOMA",6,9,17,12
"8400675PCT7624","7624","3626","SOMA",6,9,17,12
"8400675PCT7625","7625","3627","SOMA",6,9,17,12
"8400675PCT7626","7626","3657","SOMA",6,9,17,12
"8400675PCT7627","7627","3628","SOMA",6,7,17,12
"8400675PCT7628","7628","3634","MISSION",6,9,17,12
"8400675PCT7629","7629","3620","SOMA",6,9,17,12
"8400675PCT7631","7631","3630","SOMA",6,9,17,12
"8400675PCT7632","7632","3635","SOMA",6,9,17,12
"8400675PCT7633","7633","3637","SOMA",6,9,17,12
"8400675PCT7634","7634","3638","SOMA",6,9,17,12
"8400675PCT7635","7635","3639","SOMA",6,7,17,12
"8400675PCT7636","7636","3641","SOMA",6,7,17,12
"8400675PCT7637","7637","3653","SOMA",6,7,17,12
"8400675PCT7638","7638","3652","SOMA",6,7,17,12
"8400675PCT7639","7639","3640","SOMA",6,7,17,12
"8400675PCT7641","7641","3648","SOMA",6,7,17,12
"8400675PCT7642","7642","3642","SOMA",6,7,17,12
"8400675PCT7643","7643","3658","POTRERO HILL",6,7,17,12
"8400675PCT7644","7644","3654","POTRERO HILL",6,7,17,12
"8400675PCT7645","7645","3654","POTRERO HILL",6,7,17,12
"8400675PCT7646","7646","3643","POTRERO HILL",6,7,17,12
"8400675PCT7647","7647","3631","SOMA",6,7,17,12
"8400675PCT7648","7648","3655","SOMA",6,7,17,12
"8400675PCT7701","7701","2707","W TWIN PKS",7,9,17,12
"8400675PCT7702","7702","2708","W TWIN PKS",7,9,17,12
"8400675PCT7703","7703","2716","W TWIN PKS",7,9,17,12
"8400675PCT7704","7704","2717","W TWIN PKS",7,9,17,12
"8400675PCT7705","7705","2709","W TWIN PKS",7,9,17,12
"8400675PCT7706","7706","2736","W TWIN PKS",7,8,17,12
"8400675PCT7707","7707","2737","W TWIN PKS",7,8,17,12
"8400675PCT7708","7708","2742","W TWIN PKS",7,8,17,12
"8400675PCT7709","7709","2743","W TWIN PKS",7,8,17,12
"8400675PCT7711","7711","3701","W TWIN PKS",7,8,17,12
"8400675PCT7712","7712","3703","W TWIN PKS",7,9,17,12
"8400675PCT7801","7801","3808","UPRMKT/EURKA",8,9,17,12
"8400675PCT7802","7802","3801","UPRMKT/EURKA",8,9,17,12
"8400675PCT7803","7803","3809","UPRMKT/EURKA",8,9,17,12
"8400675PCT7804","7804","3809","UPRMKT/EURKA",8,9,17,12
"8400675PCT7805","7805","3805","UPRMKT/EURKA",8,9,17,12
"8400675PCT7806","7806","3802","UPRMKT/EURKA",8,9,17,12
"8400675PCT7807","7807","3812","UPRMKT/EURKA",8,9,17,12
"8400675PCT7808","7808","3806","UPRMKT/EURKA",8,9,17,12
"8400675PCT7809","7809","3804","UPRMKT/EURKA",8,9,17,12
"8400675PCT7811","7811","3622","MISSION",8,9,17,12
"8400675PCT7812","7812","3807","MISSION",8,9,17,12
"8400675PCT7813","7813","3814","UPRMKT/EURKA",8,9,17,12
"8400675PCT7814","7814","3644","MISSION",8,9,17,12
"8400675PCT7815","7815","3816","UPRMKT/EURKA",8,9,17,12
"8400675PCT7816","7816","3817","UPRMKT/EURKA",8,9,17,12
"8400675PCT7817","7817","3823","UPRMKT/EURKA",8,9,17,12
"8400675PCT7818","7818","3813","UPRMKT/EURKA",8,9,17,12
"8400675PCT7819","7819","3815","MISSION",8,9,17,12
"8400675PCT7821","7821","3819","UPRMKT/EURKA",8,9,17,12
"8400675PCT7822","7822","3821","UPRMKT/EURKA",8,9,17,12
"8400675PCT7823","7823","3822","UPRMKT/EURKA",8,9,17,12
"8400675PCT7824","7824","3823","UPRMKT/EURKA",8,9,17,12
"8400675PCT7825","7825","3824","UPRMKT/EURKA",8,9,17,12
"8400675PCT7826","7826","3825","MISSION",8,9,17,12
"8400675PCT7827","7827","3833","MISSION",8,9,17,12
"8400675PCT7828","7828","3826","UPRMKT/EURKA",8,9,17,12
"8400675PCT7829","7829","3827","UPRMKT/EURKA",8,9,17,12
"8400675PCT7831","7831","3828","UPRMKT/EURKA",8,9,17,12
"8400675PCT7832","7832","3832","UPRMKT/EURKA",8,9,17,12
"8400675PCT7833","7833","3834","MISSION",8,9,17,12
"8400675PCT7834","7834","3833","MISSION",8,9,17,12
"8400675PCT7835","7835","3835","NOE VALLEY",8,9,17,12
"8400675PCT7836","7836","3836","NOE VALLEY",8,9,17,12
"8400675PCT7837","7837","3837","NOE VALLEY",8,9,17,12
"8400675PCT7838","7838","3838","NOE VALLEY",8,9,17,12
"8400675PCT7839","7839","3831","NOE VALLEY",8,9,17,12
"8400675PCT7841","7841","3842","NOE VALLEY",8,9,17,12
"8400675PCT7842","7842","3849","MISSION",8,9,17,12
"8400675PCT7843","7843","3844","MISSION",8,9,17,12
"8400675PCT7844","7844","3843","MISSION",8,9,17,12
"8400675PCT7845","7845","3845","NOE VALLEY",8,9,17,12
"8400675PCT7846","7846","3839","NOE VALLEY",8,9,17,12
"8400675PCT7847","7847","3829","NOE VALLEY",8,9,17,12
"8400675PCT7848","7848","3841","NOE VALLEY",8,9,17,12
"8400675PCT7849","7849","3848","NOE VALLEY",8,9,17,12
"8400675PCT7851","7851","3857","DIAMD HTS",8,9,17,12
"8400675PCT7852","7852","3852","DIAMD HTS",8,9,17,12
"8400675PCT7853","7853","3858","DIAMD HTS",8,9,17,12
"8400675PCT7854","7854","3846","NOE VALLEY",8,9,17,12
"8400675PCT7855","7855","3847","NOE VALLEY",8,9,17,12
"8400675PCT7856","7856","3856","NOE VALLEY",8,9,17,12
"8400675PCT7857","7857","3851","NOE VALLEY",8,9,17,12
"8400675PCT7858","7858","3911","MISSION",8,9,17,12
"8400675PCT7859","7859","3854","DIAMD HTS",8,9,17,12
"8400675PCT7861","7861","3855","DIAMD HTS",8,9,17,12
"8400675PCT7862","7862","3855","NOE VALLEY",8,9,17,12
"8400675PCT7863","7863","3861","NOE VALLEY",8,9,17,12
"8400675PCT7864","7864","3859","NOE VALLEY",8,9,17,12
"8400675PCT7865","7865","3865","NOE VALLEY",8,9,17,12
"8400675PCT7866","7866","3862","DIAMD HTS",8,9,17,12
"8400675PCT7867","7867","3866","DIAMD HTS",8,9,17,12
"8400675PCT7868","7868","3863","DIAMD HTS",8,9,17,12
"8400675PCT7869","7869","3864","S BERNAL HTS",8,9,17,12
"8400675PCT7871","7871","3869","DIAMD HTS",8,9,17,12
"8400675PCT7872","7872","3867","S BERNAL HTS",8,9,17,12
"8400675PCT7873","7873","3868","S BERNAL HTS",8,9,17,12
"8400675PCT7874","7874","3935","S BERNAL HTS",8,9,17,12
"8400675PCT7875","7875","3935","S BERNAL HTS",8,9,17,12
"8400675PCT7901","7901","3632","MISSION",9,9,17,12
"8400675PCT7902","7902","3634","MISSION",9,9,17,12
"8400675PCT7903","7903","3645","MISSION",9,9,17,12
"8400675PCT7904","7904","3646","MISSION",9,9,17,12
"8400675PCT7905","7905","3647","MISSION",9,9,17,12
"8400675PCT7906","7906","3646","MISSION",9,9,17,12
"8400675PCT7907","7907","3902","MISSION",9,9,17,12
"8400675PCT7908","7908","3903","MISSION",9,9,17,12
"8400675PCT7909","7909","3904","MISSION",9,9,17,12
"8400675PCT7911","7911","3905","MISSION",9,9,17,12
"8400675PCT7912","7912","3906","MISSION",9,9,17,12
"8400675PCT7913","7913","3907","MISSION",9,9,17,12
"8400675PCT7914","7914","3908","MISSION",9,9,17,12
"8400675PCT7915","7915","3909","MISSION",9,9,17,12
"8400675PCT7916","7916","3906","MISSION",9,9,17,12
"8400675PCT7917","7917","3912","MISSION",9,9,17,12
"8400675PCT7918","7918","3913","MISSION",9,9,17,12
"8400675PCT7919","7919","3917","MISSION",9,9,17,12
"8400675PCT7921","7921","3913","MISSION",9,9,17,12
"8400675PCT7922","7922","3914","MISSION",9,9,17,12
"8400675PCT7923","7923","3619","MISSION",9,9,17,12
"8400675PCT7924","7924","3916","MISSION",9,9,17,12
"8400675PCT7925","7925","3919","N BERNAL HTS",9,9,17,12
"8400675PCT7926","7926","3921","N BERNAL HTS",9,9,17,12
"8400675PCT7927","7927","3924","N BERNAL HTS",9,9,17,12
"8400675PCT7928","7928","3924","N BERNAL HTS",9,9,17,12
"8400675PCT7929","7929","3923","N BERNAL HTS",9,9,17,12
"8400675PCT7931","7931","3924","N BERNAL HTS",9,9,17,12
"8400675PCT7932","7932","3926","N BERNAL HTS",9,9,17,12
"8400675PCT7933","7933","3012","BAYVW/HTRSPT",9,9,17,12
"8400675PCT7934","7934","3922","N BERNAL HTS",9,9,17,12
"8400675PCT7935","7935","3927","N BERNAL HTS",9,9,17,12
"8400675PCT7936","7936","3928","N BERNAL HTS",9,9,17,12
"8400675PCT7937","7937","3929","N BERNAL HTS",9,9,17,12
"8400675PCT7938","7938","3931","S BERNAL HTS",9,9,17,12
"8400675PCT7939","7939","3932","S BERNAL HTS",9,9,17,12
"8400675PCT7941","7941","3933","S BERNAL HTS",9,9,17,12
"8400675PCT7942","7942","3934","S BERNAL HTS",9,9,17,12
"8400675PCT7943","7943","3936","S BERNAL HTS",9,9,17,12
"8400675PCT7944","7944","3937","S BERNAL HTS",9,9,17,12
"8400675PCT7945","7945","3937","S BERNAL HTS",9,9,17,12
"8400675PCT7946","7946","2901","PORTOLA",9,9,17,12
"8400675PCT7947","7947","2902","PORTOLA",9,9,17,12
"8400675PCT7948","7948","2903","PORTOLA",9,9,17,12
"8400675PCT7949","7949","2905","PORTOLA",9,9,17,12
"8400675PCT7951","7951","2905","PORTOLA",9,9,17,12
"8400675PCT7952","7952","2906","PORTOLA",9,9,17,12
"8400675PCT7953","7953","2904","PORTOLA",9,9,17,12
"8400675PCT7954","7954","2001","VISITA VLY",9,8,17,12
"8400675PCT7955","7955","2002","PORTOLA",9,9,17,12
"8400675PCT7956","7956","2004","PORTOLA",9,9,17,12
"8400675PCT7957","7957","2005","PORTOLA",9,9,17,12
"8400675PCT7958","7958","2004","PORTOLA",9,7,17,12
"8400675PCT9001","9001","2009","VISITA VLY",10,8,19,14
"8400675PCT9101","9101","2101","RICHMOND",1,8,19,12
"8400675PCT9102","9102","2101","RICHMOND",1,8,19,12
"8400675PCT9103","9103","2103","RICHMOND",1,8,19,12
"8400675PCT9104","9104","2104","RICHMOND",1,8,19,12
"8400675PCT9105","9105","2105","SECLF/PREHTS",1,8,19,12
"8400675PCT9106","9106","2106","SECLF/PREHTS",1,8,19,12
"8400675PCT9107","9107","2107","RICHMOND",1,8,19,12
"8400675PCT9108","9108","2108","RICHMOND",1,8,19,12
"8400675PCT9109","9109","2111","RICHMOND",1,8,19,12
"8400675PCT9111","9111","2109","RICHMOND",1,8,19,12
"8400675PCT9112","9112","2112","RICHMOND",1,8,19,12
"8400675PCT9113","9113","2204","SECLF/PREHTS",1,8,19,12
"8400675PCT9114","9114","2113","RICHMOND",1,8,19,12
"8400675PCT9115","9115","2114","RICHMOND",1,8,19,12
"8400675PCT9116","9116","2115","RICHMOND",1,8,19,12
"8400675PCT9117","9117","2118","RICHMOND",1,8,19,12
"8400675PCT9118","9118","2121","RICHMOND",1,8,19,12
"8400675PCT9119","9119","2119","RICHMOND",1,8,19,12
"8400675PCT9121","9121","2121","RICHMOND",1,8,19,12
"8400675PCT9122","9122","2122","RICHMOND",1,8,19,12
"8400675PCT9123","9123","2123","RICHMOND",1,8,19,12
"8400675PCT9124","9124","2124","RICHMOND",1,8,19,12
"8400675PCT9125","9125","2125","RICHMOND",1,8,19,12
"8400675PCT9126","9126","2126","RICHMOND",1,8,19,12
"8400675PCT9127","9127","2127","RICHMOND",1,8,19,12
"8400675PCT9128","9128","2128","RICHMOND",1,8,19,12
"8400675PCT9129","9129","2128","RICHMOND",1,8,19,12
"8400675PCT9131","9131","2129","RICHMOND",1,8,19,12
"8400675PCT9132","9132","2131","RICHMOND",1,8,19,12
"8400675PCT9133","9133","2132","RICHMOND",1,8,19,12
"8400675PCT9134","9134","2133","LRL HTS/ANZA",1,8,19,12
"8400675PCT9135","9135","2117","RICHMOND",1,8,19,12
"8400675PCT9136","9136","2135","RICHMOND",1,8,19,12
"8400675PCT9137","9137","2136","RICHMOND",1,8,19,12
"8400675PCT9138","9138","2137","RICHMOND",1,8,19,12
"8400675PCT9139","9139","2138","RICHMOND",1,8,19,12
"8400675PCT9141","9141","2139","RICHMOND",1,8,19,12
"8400675PCT9142","9142","2141","RICHMOND",1,8,19,12
"8400675PCT9143","9143","2142","RICHMOND",1,8,19,12
"8400675PCT9144","9144","2143","RICHMOND",1,8,19,12
"8400675PCT9145","9145","2145","RICHMOND",1,8,19,12
"8400675PCT9146","9146","2147","RICHMOND",1,8,19,12
"8400675PCT9147","9147","2147","RICHMOND",1,8,19,12
"8400675PCT9148","9148","2149","RICHMOND",1,8,19,12
"8400675PCT9149","9149","2150","LRL HTS/ANZA",1,8,19,12
"8400675PCT9151","9151","2134","LRL HTS/ANZA",1,8,19,12
"8400675PCT9152","9152","2151","LRL HTS/ANZA",1,8,19,12
"8400675PCT9201","9201","3200","MAR/PAC HTS",2,8,19,12
"8400675PCT9202","9202","3201","MAR/PAC HTS",2,8,19,12
"8400675PCT9203","9203","3202","MAR/PAC HTS",2,8,19,12
"8400675PCT9204","9204","3203","MAR/PAC HTS",2,8,19,12
"8400675PCT9205","9205","3204","MAR/PAC HTS",2,8,19,12
"8400675PCT9206","9206","3207","MAR/PAC HTS",2,8,19,12
"8400675PCT9207","9207","3210","MAR/PAC HTS",2,8,19,12
"8400675PCT9208","9208","3208","MAR/PAC HTS",2,8,19,12
"8400675PCT9209","9209","9205","MAR/PAC HTS",2,8,19,12
"8400675PCT9211","9211","3213","MAR/PAC HTS",2,8,19,12
"8400675PCT9212","9212","3209","MAR/PAC HTS",2,8,19,12
"8400675PCT9213","9213","3212","MAR/PAC HTS",2,8,19,12
"8400675PCT9214","9214","3214","MAR/PAC HTS",2,8,19,12
"8400675PCT9215","9215","3215","MAR/PAC HTS",2,8,19,12
"8400675PCT9216","9216","3216","MAR/PAC HTS",2,8,19,12
"8400675PCT9217","9217","3217","MAR/PAC HTS",2,8,19,12
"8400675PCT9218","9218","3218","MAR/PAC HTS",2,8,19,12
"8400675PCT9219","9219","3219","MAR/PAC HTS",2,8,19,12
"8400675PCT9221","9221","3223","MAR/PAC HTS",2,8,19,12
"8400675PCT9222","9222","3224","MAR/PAC HTS",2,8,19,12
"8400675PCT9223","9223","3225","MAR/PAC HTS",2,8,19,12
"8400675PCT9224","9224","3226","MAR/PAC HTS",2,8,19,12
"8400675PCT9225","9225","3228","MAR/PAC HTS",2,8,19,12
"8400675PCT9226","9226","3227","MAR/PAC HTS",2,8,19,12
"8400675PCT9227","9227","2202","SECLF/PREHTS",2,8,19,12
"8400675PCT9228","9228","2200","SECLF/PREHTS",2,8,19,12
"8400675PCT9229","9229","2201","SECLF/PREHTS",2,8,19,12
"8400675PCT9231","9231","2203","SECLF/PREHTS",2,8,19,12
"8400675PCT9232","9232","2205","SECLF/PREHTS",2,8,19,12
"8400675PCT9233","9233","2206","SECLF/PREHTS",2,8,19,12
"8400675PCT9234","9234","2207","SECLF/PREHTS",2,8,19,12
"8400675PCT9235","9235","2208","SECLF/PREHTS",2,8,19,12
"8400675PCT9236","9236","2209","MAR/PAC HTS",2,8,19,12
"8400675PCT9237","9237","3231","MAR/PAC HTS",2,8,19,12
"8400675PCT9238","9238","3232","MAR/PAC HTS",2,8,19,12
"8400675PCT9239","9239","3233","MAR/PAC HTS",2,8,19,12
"8400675PCT9241","9241","3234","MAR/PAC HTS",2,8,19,12
"8400675PCT9242","9242","3239","MAR/PAC HTS",2,8,19,12
"8400675PCT9243","9243","2215","MAR/PAC HTS",2,8,19,12
"8400675PCT9244","9244","3235","MAR/PAC HTS",2,8,19,12
"8400675PCT9245","9245","3236","MAR/PAC HTS",2,8,19,12
"8400675PCT9246","9246","3237","MAR/PAC HTS",2,8,19,12
"8400675PCT9247","9247","3238","MAR/PAC HTS",2,8,19,12
"8400675PCT9248","9248","3241","MAR/PAC HTS",2,8,19,12
"8400675PCT9249","9249","2211","LRL HTS/ANZA",2,8,19,12
"8400675PCT9251","9251","2212","LRL HTS/ANZA",2,8,19,12
"8400675PCT9252","9252","2213","LRL HTS/ANZA",2,8,19,12
"8400675PCT9253","9253","2214","LRL HTS/ANZA",2,8,19,12
"8400675PCT9254","9254","2216","WST ADDITION",2,9,19,12
"8400675PCT9255","9255","2217","LRL HTS/ANZA",2,8,19,12
"8400675PCT9256","9256","3501","WST ADDITION",2,9,19,12
"8400675PCT9257","9257","2219","WST ADDITION",2,9,19,12
"8400675PCT9258","9258","2218","LRL HTS/ANZA",2,8,19,12
"8400675PCT9401","9401","2401","SUNSET",4,8,19,12
"8400675PCT9402","9402","2402","SUNSET",4,8,19,12
"8400675PCT9403","9403","2403","SUNSET",4,8,19,12
"8400675PCT9404","9404","2404","SUNSET",4,8,19,12
"8400675PCT9405","9405","2405","SUNSET",4,8,19,12
"8400675PCT9406","9406","2406","SUNSET",4,8,19,12
"8400675PCT9407","9407","2407","SUNSET",4,8,19,12
"8400675PCT9408","9408","2408","SUNSET",4,8,19,12
"8400675PCT9409","9409","2505","INNER SUNSET",4,9,19,12
"8400675PCT9411","9411","2409","SUNSET",4,8,19,12
"8400675PCT9412","9412","2409","SUNSET",4,8,19,12
"8400675PCT9413","9413","2412","SUNSET",4,8,19,12
"8400675PCT9414","9414","2413","SUNSET",4,8,19,12
"8400675PCT9415","9415","2414","SUNSET",4,8,19,12
"8400675PCT9416","9416","2416","SUNSET",4,8,19,12
"8400675PCT9417","9417","2417","SUNSET",4,8,19,12
"8400675PCT9418","9418","2418","SUNSET",4,8,19,12
"8400675PCT9419","9419","2419","SUNSET",4,8,19,12
"8400675PCT9421","9421","2422","SUNSET",4,8,19,12
"8400675PCT9422","9422","2423","SUNSET",4,8,19,12
"8400675PCT9423","9423","2415","SUNSET",4,8,19,12
"8400675PCT9424","9424","2416","SUNSET",4,8,19,12
"8400675PCT9425","9425","2429","SUNSET",4,8,19,12
"8400675PCT9426","9426","2425","SUNSET",4,8,19,12
"8400675PCT9427","9427","2421","SUNSET",4,8,19,12
"8400675PCT9428","9428","2427","SUNSET",4,8,19,12
"8400675PCT9429","9429","2431","SUNSET",4,8,19,12
"8400675PCT9431","9431","2432","SUNSET",4,8,19,12
"8400675PCT9432","9432","2426","SUNSET",4,8,19,12
"8400675PCT9433","9433","2434","SUNSET",4,8,19,12
"8400675PCT9434","9434","2428","SUNSET",4,8,19,12
"8400675PCT9435","9435","2436","SUNSET",4,8,19,12
"8400675PCT9436","9436","2437","SUNSET",4,8,19,12
"8400675PCT9437","9437","2438","SUNSET",4,8,19,12
"8400675PCT9438","9438","2439","SUNSET",4,8,19,12
"8400675PCT9439","9439","2433","SUNSET",4,8,19,12
"8400675PCT9441","9441","2441","SUNSET",4,8,19,12
"8400675PCT9442","9442","2435","SUNSET",4,8,19,12
"8400675PCT9443","9443","2442","SUNSET",4,8,19,12
"8400675PCT9444","9444","2443","SUNSET",4,8,19,12
"8400675PCT9445","9445","2444","SUNSET",4,8,19,12
"8400675PCT9446","9446","2445","SUNSET",4,8,19,12
"8400675PCT9447","9447","2446","SUNSET",4,8,19,12
"8400675PCT9448","9448","2447","SUNSET",4,8,19,12
"8400675PCT9449","9449","2448","SUNSET",4,8,19,12
"8400675PCT9451","9451","2440","SUNSET",4,8,19,12
"8400675PCT9452","9452","2451","SUNSET",4,8,19,12
"8400675PCT9453","9453","2449","SUNSET",4,8,19,14
"8400675PCT9501","9501","3501","WST ADDITION",5,9,19,12
"8400675PCT9502","9502","2217","LRL HTS/ANZA",5,8,19,12
"8400675PCT9503","9503","3501","WST ADDITION",5,9,19,12
"8400675PCT9504","9504","3500","WST ADDITION",5,9,19,12
"8400675PCT9505","9505","3507","WST ADDITION",5,9,19,12
"8400675PCT9506","9506","3514","WST ADDITION",5,9,19,12
"8400675PCT9507","9507","3512","LRL HTS/ANZA",5,9,19,12
"8400675PCT9508","9508","3513","WST ADDITION",5,9,19,12
"8400675PCT9509","9509","3511","LRL HTS/ANZA",5,9,19,12
"8400675PCT9511","9511","3512","WST ADDITION",5,9,19,12
"8400675PCT9512","9512","3517","WST ADDITION",5,9,19,12
"8400675PCT9513","9513","3515","WST ADDITION",5,9,19,12
"8400675PCT9514","9514","2514",NA,5,9,19,12
"8400675PCT9515","9515","2504","INNER SUNSET",5,9,19,12
"8400675PCT9516","9516","2506","INNER SUNSET",5,9,19,12
"8400675PCT9517","9517","2507","INNER SUNSET",5,9,19,12
"8400675PCT9518","9518","2508","INNER SUNSET",5,9,19,12
"8400675PCT9519","9519","2509","INNER SUNSET",5,9,19,12
"8400675PCT9521","9521","2512","INNER SUNSET",5,9,19,12
"8400675PCT9522","9522","2513","INNER SUNSET",5,9,19,12
"8400675PCT9701","9701","2701","INNER SUNSET",7,9,19,12
"8400675PCT9702","9702","2702","INNER SUNSET",7,9,19,12
"8400675PCT9703","9703","2704","W TWIN PKS",7,8,19,12
"8400675PCT9704","9704","2705","W TWIN PKS",7,8,19,12
"8400675PCT9705","9705","2706","W TWIN PKS",7,8,19,12
"8400675PCT9706","9706","2706","W TWIN PKS",7,9,19,12
"8400675PCT9707","9707","2712","W TWIN PKS",7,8,19,12
"8400675PCT9708","9708","2713","W TWIN PKS",7,8,19,12
"8400675PCT9709","9709","2711","W TWIN PKS",7,8,19,12
"8400675PCT9711","9711","2714","W TWIN PKS",7,8,19,12
"8400675PCT9712","9712","2710","W TWIN PKS",7,8,19,14
"8400675PCT9713","9713","2718","W TWIN PKS",7,8,19,12
"8400675PCT9714","9714","2721","W TWIN PKS",7,8,19,14
"8400675PCT9715","9715","2715","W TWIN PKS",7,8,19,14
"8400675PCT9716","9716","2723","W TWIN PKS",7,8,19,12
"8400675PCT9717","9717","2724","W TWIN PKS",7,8,19,12
"8400675PCT9718","9718","2725","W TWIN PKS",7,8,19,14
"8400675PCT9719","9719","2726","W TWIN PKS",7,8,19,14
"8400675PCT9721","9721","2722","W TWIN PKS",7,8,19,14
"8400675PCT9722","9722","2720","W TWIN PKS",7,8,19,14
"8400675PCT9723","9723","2728","LAKE MERCED",7,8,19,14
"8400675PCT9724","9724","2729","LAKE MERCED",7,8,19,14
"8400675PCT9725","9725","2731","LAKE MERCED",7,8,19,14
"8400675PCT9726","9726","2730","LAKE MERCED",7,8,19,14
"8400675PCT9727","9727","2732","W TWIN PKS",7,8,19,14
"8400675PCT9728","9728","2733","W TWIN PKS",7,8,19,14
"8400675PCT9729","9729","2734","W TWIN PKS",7,8,19,14
"8400675PCT9731","9731","2735","W TWIN PKS",7,8,19,14
"8400675PCT9732","9732","2740","W TWIN PKS",7,8,19,12
"8400675PCT9733","9733","2727","W TWIN PKS",7,8,19,14
"8400675PCT9734","9734","2738","W TWIN PKS",7,8,19,14
"8400675PCT9735","9735","2739","W TWIN PKS",7,8,19,14
"8400675PCT9736","9736","2741","W TWIN PKS",7,8,19,14
"8400675PCT9737","9737","2750","W TWIN PKS",7,8,19,14
"8400675PCT9738","9738","2728","LAKE MERCED",7,8,19,14
"8400675PCT9739","9739","2756","LAKE MERCED",7,8,19,14
"8400675PCT9741","9741","2745","LAKE MERCED",7,8,19,14
"8400675PCT9742","9742","2746","W TWIN PKS",7,8,19,14
"8400675PCT9743","9743","2759","LAKE MERCED",7,8,19,14
"8400675PCT9744","9744","2757","LAKE MERCED",7,8,19,14
"8400675PCT9745","9745","2758","LAKE MERCED",7,8,19,14
"8400675PCT9746","9746","2747","W TWIN PKS",7,8,19,14
"8400675PCT9747","9747","1111","W TWIN PKS",7,8,19,14
"8400675PCT9748","9748","2749","W TWIN PKS",7,8,19,14
"8400675PCT9749","9749","1112","INGLESIDE",7,8,19,14
"8400675PCT9751","9751","2751","W TWIN PKS",7,8,19,14
"8400675PCT9752","9752","2752","W TWIN PKS",7,8,19,14
"8400675PCT9753","9753","2755","W TWIN PKS",7,8,19,14
"8400675PCT9754","9754","2753","W TWIN PKS",7,9,19,14
"8400675PCT9755","9755","3870","W TWIN PKS",7,9,19,14
"8400675PCT9756","9756","2761","EXCELSIOR",7,8,19,14
"8400675PCT9801","9801","1102","EXCELSIOR",8,9,19,14
"8400675PCT9900","9900","4000",NA,NA,NA,17,13
"8400675PCT9901","9901","1102","EXCELSIOR",8,9,17,14
"8400675PCT9902","9902","1101","EXCELSIOR",7,9,17,14
"8400675PCTGGP1","Golden Gate Park","GG Park",NA,1,9,19,12
"8400675PCTGGP2","Golden Gate Park","GG Park",NA,1,8,19,12
