"id","gdenr","municipality_name"
"75601010001",1,"Aeugst am Albis"
"75601010002",2,"Affoltern am Albis"
"75601010003",3,"Bonstetten"
"75601010004",4,"Hausen am Albis"
"75601010005",5,"Hedingen"
"75601010006",6,"Kappel am Albis"
"75601010007",7,"Knonau"
"75601010008",8,"Maschwanden"
"75601010009",9,"Mettmenstetten"
"75601010010",10,"Obfelden"
"75601010011",11,"Ottenbach"
"75601010012",12,"Rifferswil"
"75601010013",13,"Stallikon"
"75601010014",14,"Wettswil am Albis"
"75601020021",21,"Adlikon"
"75601020022",22,"Benken (ZH)"
"75601020023",23,"Berg am Irchel"
"75601020024",24,"Buch am Irchel"
"75601020025",25,"Dachsen"
"75601020026",26,"Dorf"
"75601020027",27,"Feuerthalen"
"75601020028",28,"Flaach"
"75601020029",29,"Flurlingen"
"75601020030",30,"Andelfingen"
"75601020031",31,"Henggart"
"75601020032",32,"Humlikon"
"75601020033",33,"Kleinandelfingen"
"75601020034",34,"Laufen-Uhwiesen"
"75601020035",35,"Marthalen"
"75601020036",36,"Oberstammheim"
"75601020037",37,"Ossingen"
"75601020038",38,"Rheinau"
"75601020039",39,"Thalheim an der Thur"
"75601020040",40,"Trüllikon"
"75601020041",41,"Truttikon"
"75601020042",42,"Unterstammheim"
"75601020043",43,"Volken"
"75601020044",44,"Waltalingen"
"75601030051",51,"Bachenbülach"
"75601030052",52,"Bassersdorf"
"75601030053",53,"Bülach"
"75601030054",54,"Dietlikon"
"75601030055",55,"Eglisau"
"75601030056",56,"Embrach"
"75601030057",57,"Freienstein-Teufen"
"75601030058",58,"Glattfelden"
"75601030059",59,"Hochfelden"
"75601030060",60,"Höri"
"75601030061",61,"Hüntwangen"
"75601030062",62,"Kloten"
"75601030063",63,"Lufingen"
"75601030064",64,"Nürensdorf"
"75601030065",65,"Oberembrach"
"75601030066",66,"Opfikon"
"75601030067",67,"Rafz"
"75601030068",68,"Rorbas"
"75601030069",69,"Wallisellen"
"75601030070",70,"Wasterkingen"
"75601030071",71,"Wil (ZH)"
"75601030072",72,"Winkel"
"75601040081",81,"Bachs"
"75601040082",82,"Boppelsen"
"75601040083",83,"Buchs (ZH)"
"75601040084",84,"Dällikon"
"75601040085",85,"Dänikon"
"75601040086",86,"Dielsdorf"
"75601040087",87,"Hüttikon"
"75601040088",88,"Neerach"
"75601040089",89,"Niederglatt"
"75601040090",90,"Niederhasli"
"75601040091",91,"Niederweningen"
"75601040092",92,"Oberglatt"
"75601040093",93,"Oberweningen"
"75601040094",94,"Otelfingen"
"75601040095",95,"Regensberg"
"75601040096",96,"Regensdorf"
"75601040097",97,"Rümlang"
"75601040098",98,"Schleinikon"
"75601040099",99,"Schöfflisdorf"
"75601040100",100,"Stadel"
"75601040101",101,"Steinmaur"
"75601040102",102,"Weiach"
"75601050111",111,"Bäretswil"
"75601050112",112,"Bubikon"
"75601050113",113,"Dürnten"
"75601050114",114,"Fischenthal"
"75601050115",115,"Gossau (ZH)"
"75601050116",116,"Grüningen"
"75601050117",117,"Hinwil"
"75601050118",118,"Rüti (ZH)"
"75601050119",119,"Seegräben"
"75601050120",120,"Wald (ZH)"
"75601050121",121,"Wetzikon (ZH)"
"75601060131",131,"Adliswil"
"75601060132",132,"Hirzel"
"75601060133",133,"Horgen"
"75601060134",134,"Hütten"
"75601060135",135,"Kilchberg (ZH)"
"75601060136",136,"Langnau am Albis"
"75601060137",137,"Oberrieden"
"75601060138",138,"Richterswil"
"75601060139",139,"Rüschlikon"
"75601060140",140,"Schönenberg (ZH)"
"75601060141",141,"Thalwil"
"75601060142",142,"Wädenswil"
"75601070151",151,"Erlenbach (ZH)"
"75601070152",152,"Herrliberg"
"75601070153",153,"Hombrechtikon"
"75601070154",154,"Küsnacht (ZH)"
"75601070155",155,"Männedorf"
"75601070156",156,"Meilen"
"75601070157",157,"Oetwil am See"
"75601070158",158,"Stäfa"
"75601070159",159,"Uetikon am See"
"75601070160",160,"Zumikon"
"75601070161",161,"Zollikon"
"75601080171",171,"Bauma"
"75601080172",172,"Fehraltorf"
"75601080173",173,"Hittnau"
"75601080174",174,"Illnau-Effretikon"
"75601080175",175,"Kyburg"
"75601080176",176,"Lindau"
"75601080177",177,"Pfäffikon"
"75601080178",178,"Russikon"
"75601080179",179,"Sternenberg"
"75601080180",180,"Weisslingen"
"75601080181",181,"Wila"
"75601080182",182,"Wildberg"
"75601090191",191,"Dübendorf"
"75601090192",192,"Egg"
"75601090193",193,"Fällanden"
"75601090194",194,"Greifensee"
"75601090195",195,"Maur"
"75601090196",196,"Mönchaltorf"
"75601090197",197,"Schwerzenbach"
"75601090198",198,"Uster"
"75601090199",199,"Volketswil"
"75601090200",200,"Wangen-Brüttisellen"
"75601100211",211,"Altikon"
"75601100213",213,"Brütten"
"75601100214",214,"Dägerlen"
"75601100215",215,"Dättlikon"
"75601100216",216,"Dinhard"
"75601100217",217,"Elgg"
"75601100218",218,"Ellikon an der Thur"
"75601100219",219,"Elsau"
"75601100220",220,"Hagenbuch"
"75601100221",221,"Hettlingen"
"75601100222",222,"Hofstetten (ZH)"
"75601100223",223,"Neftenbach"
"75601100224",224,"Pfungen"
"75601100225",225,"Rickenbach (ZH)"
"75601100226",226,"Schlatt (ZH)"
"75601100227",227,"Seuzach"
"75601100228",228,"Turbenthal"
"75601100230",230,"Winterthur"
"75601100231",231,"Zell (ZH)"
"75601110241",241,"Aesch (ZH)"
"75601110242",242,"Birmensdorf (ZH)"
"75601110243",243,"Dietikon"
"75601110244",244,"Geroldswil"
"75601110245",245,"Oberengstringen"
"75601110246",246,"Oetwil an der Limmat"
"75601110247",247,"Schlieren"
"75601110248",248,"Uitikon"
"75601110249",249,"Unterengstringen"
"75601110250",250,"Urdorf"
"75601110251",251,"Weiningen (ZH)"
"75601120261",261,"Zürich"
"75601100298",298,"Wiesendangen"
"75602430301",301,"Aarberg"
"75602430302",302,"Bargen (BE)"
"75602430303",303,"Grossaffoltern"
"75602430304",304,"Kallnach"
"75602430305",305,"Kappelen"
"75602430306",306,"Lyss"
"75602460307",307,"Meikirch"
"75602430309",309,"Radelfingen"
"75602430310",310,"Rapperswil (BE)"
"75602430311",311,"Schüpfen"
"75602430312",312,"Seedorf (BE)"
"75602440321",321,"Aarwangen"
"75602440322",322,"Auswil"
"75602440323",323,"Bannwil"
"75602440324",324,"Bleienbach"
"75602440325",325,"Busswil bei Melchnau"
"75602440326",326,"Gondiswil"
"75602440329",329,"Langenthal"
"75602440331",331,"Lotzwil"
"75602440332",332,"Madiswil"
"75602440333",333,"Melchnau"
"75602440334",334,"Obersteckholz"
"75602440335",335,"Oeschenbach"
"75602440336",336,"Reisiswil"
"75602440337",337,"Roggwil (BE)"
"75602440338",338,"Rohrbach"
"75602440339",339,"Rohrbachgraben"
"75602440340",340,"Rütschelen"
"75602440341",341,"Schwarzhäusern"
"75602440342",342,"Thunstetten"
"75602440344",344,"Ursenbach"
"75602440345",345,"Wynau"
"75602460351",351,"Bern"
"75602460352",352,"Bolligen"
"75602460353",353,"Bremgarten bei Bern"
"75602460354",354,"Kirchlindach"
"75602460355",355,"Köniz"
"75602460356",356,"Muri bei Bern"
"75602460357",357,"Oberbalm"
"75602460358",358,"Stettlen"
"75602460359",359,"Vechigen"
"75602460360",360,"Wohlen bei Bern"
"75602460361",361,"Zollikofen"
"75602460362",362,"Ittigen"
"75602460363",363,"Ostermundigen"
"75602420371",371,"Biel/Bienne"
"75602420372",372,"Evilard"
"75602430381",381,"Arch"
"75602430382",382,"Büetigen"
"75602430383",383,"Büren an der Aare"
"75602430385",385,"Diessbach bei Büren"
"75602430386",386,"Dotzigen"
"75602420387",387,"Lengnau (BE)"
"75602430388",388,"Leuzigen"
"75602430389",389,"Meienried"
"75602420390",390,"Meinisberg"
"75602430391",391,"Oberwil bei Büren"
"75602420392",392,"Pieterlen"
"75602430393",393,"Rüti bei Büren"
"75602430394",394,"Wengi"
"75602450401",401,"Aefligen"
"75602450402",402,"Alchenstorf"
"75602460403",403,"Bäriswil"
"75602450404",404,"Burgdorf"
"75602450405",405,"Ersigen"
"75602450406",406,"Hasle bei Burgdorf"
"75602450407",407,"Heimiswil"
"75602450408",408,"Hellsau"
"75602450409",409,"Hindelbank"
"75602450410",410,"Höchstetten"
"75602450411",411,"Kernenried"
"75602450412",412,"Kirchberg (BE)"
"75602450413",413,"Koppigen"
"75602450414",414,"Krauchthal"
"75602450415",415,"Lyssach"
"75602450416",416,"Mötschwil"
"75602450417",417,"Niederösch"
"75602450418",418,"Oberburg"
"75602450419",419,"Oberösch"
"75602450420",420,"Rüdtligen-Alchenflüh"
"75602450421",421,"Rumendingen"
"75602450422",422,"Rüti bei Lyssach"
"75602450423",423,"Willadingen"
"75602450424",424,"Wynigen"
"75602410431",431,"Corgémont"
"75602410432",432,"Cormoret"
"75602410433",433,"Cortébert"
"75602410434",434,"Courtelary"
"75602410435",435,"La Ferrière"
"75602410436",436,"La Heutte"
"75602410437",437,"Mont-Tramelan"
"75602410438",438,"Orvin"
"75602410439",439,"Péry"
"75602410441",441,"Renan (BE)"
"75602410442",442,"Romont (BE)"
"75602410443",443,"Saint-Imier"
"75602410444",444,"Sonceboz-Sombeval"
"75602410445",445,"Sonvilier"
"75602410446",446,"Tramelan"
"75602410448",448,"Villeret"
"75602410449",449,"Sauge"
"75602430491",491,"Brüttelen"
"75602430492",492,"Erlach"
"75602430493",493,"Finsterhennen"
"75602430494",494,"Gals"
"75602430495",495,"Gampelen"
"75602430496",496,"Ins"
"75602430497",497,"Lüscherz"
"75602430498",498,"Müntschemier"
"75602430499",499,"Siselen"
"75602430500",500,"Treiten"
"75602430501",501,"Tschugg"
"75602430502",502,"Vinelz"
"75602430532",532,"Bangerten"
"75602450533",533,"Bätterkinden"
"75602460535",535,"Deisswil bei Münchenbuchsee"
"75602460536",536,"Diemerswil"
"75602460538",538,"Fraubrunnen"
"75602460540",540,"Jegenstorf"
"75602460541",541,"Iffwil"
"75602460543",543,"Mattstetten"
"75602460544",544,"Moosseedorf"
"75602460546",546,"Münchenbuchsee"
"75602460551",551,"Urtenen-Schönbühl"
"75602450552",552,"Utzenstorf"
"75602460553",553,"Wiggiswil"
"75602450554",554,"Wiler bei Utzenstorf"
"75602450556",556,"Zielebach"
"75602460557",557,"Zuzwil (BE)"
"75602490561",561,"Adelboden"
"75602490562",562,"Aeschi bei Spiez"
"75602490563",563,"Frutigen"
"75602490564",564,"Kandergrund"
"75602490565",565,"Kandersteg"
"75602490566",566,"Krattigen"
"75602490567",567,"Reichenbach im Kandertal"
"75602500571",571,"Beatenberg"
"75602500572",572,"Bönigen"
"75602500573",573,"Brienz (BE)"
"75602500574",574,"Brienzwiler"
"75602500575",575,"Därligen"
"75602500576",576,"Grindelwald"
"75602500577",577,"Gsteigwiler"
"75602500578",578,"Gündlischwand"
"75602500579",579,"Habkern"
"75602500580",580,"Hofstetten bei Brienz"
"75602500581",581,"Interlaken"
"75602500582",582,"Iseltwald"
"75602500584",584,"Lauterbrunnen"
"75602500585",585,"Leissigen"
"75602500586",586,"Lütschental"
"75602500587",587,"Matten bei Interlaken"
"75602500588",588,"Niederried bei Interlaken"
"75602500589",589,"Oberried am Brienzersee"
"75602500590",590,"Ringgenberg (BE)"
"75602500591",591,"Saxeten"
"75602500592",592,"Schwanden bei Brienz"
"75602500593",593,"Unterseen"
"75602500594",594,"Wilderswil"
"75602460602",602,"Arni (BE)"
"75602460603",603,"Biglen"
"75602460605",605,"Bowil"
"75602460606",606,"Brenzikofen"
"75602460607",607,"Freimettigen"
"75602460608",608,"Grosshöchstetten"
"75602460609",609,"Häutligen"
"75602460610",610,"Herbligen"
"75602460611",611,"Kiesen"
"75602460612",612,"Konolfingen"
"75602460613",613,"Landiswil"
"75602460614",614,"Linden"
"75602460615",615,"Mirchel"
"75602460616",616,"Münsingen"
"75602460617",617,"Niederhünigen"
"75602460619",619,"Oberdiessbach"
"75602460620",620,"Oberthal"
"75602460622",622,"Oppligen"
"75602460623",623,"Rubigen"
"75602460624",624,"Schlosswil"
"75602460625",625,"Tägertschi"
"75602460626",626,"Walkringen"
"75602460627",627,"Worb"
"75602460628",628,"Zäziwil"
"75602460629",629,"Oberhünigen"
"75602460630",630,"Allmendingen"
"75602460632",632,"Wichtrach"
"75602460661",661,"Clavaleyres"
"75602460662",662,"Ferenbalm"
"75602460663",663,"Frauenkappelen"
"75602460664",664,"Golaten"
"75602460665",665,"Gurbrü"
"75602460666",666,"Kriechenwil"
"75602460667",667,"Laupen"
"75602460668",668,"Mühleberg"
"75602460669",669,"Münchenwiler"
"75602460670",670,"Neuenegg"
"75602460671",671,"Wileroltigen"
"75602410681",681,"Belprahon"
"75602410682",682,"Bévilard"
"75602410683",683,"Champoz"
"75602410684",684,"Châtelat"
"75602410687",687,"Corcelles (BE)"
"75602410690",690,"Court"
"75602410691",691,"Crémines"
"75602410692",692,"Eschert"
"75602410694",694,"Grandval"
"75602410696",696,"Loveresse"
"75602410697",697,"Malleray"
"75602410699",699,"Monible"
"75602410700",700,"Moutier"
"75602410701",701,"Perrefitte"
"75602410702",702,"Pontenet"
"75602410703",703,"Reconvilier"
"75602410704",704,"Roches (BE)"
"75602410706",706,"Saicourt"
"75602410707",707,"Saules (BE)"
"75602410708",708,"Schelten"
"75602410709",709,"Seehof"
"75602410710",710,"Sornetan"
"75602410711",711,"Sorvilier"
"75602410712",712,"Souboz"
"75602410713",713,"Tavannes"
"75602410715",715,"Rebévelier"
"75602410723",723,"La Neuveville"
"75602410724",724,"Nods"
"75602410726",726,"Plateau de Diesse"
"75602420731",731,"Aegerten"
"75602420732",732,"Bellmund"
"75602420733",733,"Brügg"
"75602430734",734,"Bühl"
"75602430735",735,"Epsach"
"75602430736",736,"Hagneck"
"75602430737",737,"Hermrigen"
"75602430738",738,"Jens"
"75602420739",739,"Ipsach"
"75602420740",740,"Ligerz"
"75602430741",741,"Merzligen"
"75602420742",742,"Mörigen"
"75602420743",743,"Nidau"
"75602420744",744,"Orpund"
"75602420745",745,"Port"
"75602420746",746,"Safnern"
"75602420747",747,"Scheuren"
"75602420748",748,"Schwadernau"
"75602430749",749,"Studen (BE)"
"75602420750",750,"Sutz-Lattrigen"
"75602430751",751,"Täuffelen"
"75602430754",754,"Walperswil"
"75602430755",755,"Worben"
"75602420756",756,"Twann-Tüscherz"
"75602490761",761,"Därstetten"
"75602490762",762,"Diemtigen"
"75602490763",763,"Erlenbach im Simmental"
"75602490766",766,"Oberwil im Simmental"
"75602470767",767,"Reutigen"
"75602490768",768,"Spiez"
"75602490769",769,"Wimmis"
"75602470770",770,"Stocken-Höfen"
"75602500782",782,"Guttannen"
"75602500783",783,"Hasliberg"
"75602500784",784,"Innertkirchen"
"75602500785",785,"Meiringen"
"75602500786",786,"Schattenhalb"
"75602480791",791,"Boltigen"
"75602480792",792,"Lenk"
"75602480793",793,"St. Stephan"
"75602480794",794,"Zweisimmen"
"75602480841",841,"Gsteig"
"75602480842",842,"Lauenen"
"75602480843",843,"Saanen"
"75602460852",852,"Guggisberg"
"75602460853",853,"Rüschegg"
"75602460855",855,"Schwarzenburg"
"75602460861",861,"Belp"
"75602470863",863,"Burgistein"
"75602460865",865,"Gelterfingen"
"75602460866",866,"Gerzensee"
"75602470867",867,"Gurzelen"
"75602460868",868,"Jaberg"
"75602460869",869,"Kaufdorf"
"75602460870",870,"Kehrsatz"
"75602460872",872,"Kirchdorf (BE)"
"75602460873",873,"Kirchenthurnen"
"75602460874",874,"Lohnstorf"
"75602460875",875,"Mühledorf (BE)"
"75602460876",876,"Mühlethurnen"
"75602460877",877,"Niedermuhlern"
"75602460878",878,"Noflen"
"75602460879",879,"Riggisberg"
"75602460880",880,"Rüeggisberg"
"75602460881",881,"Rümligen"
"75602470883",883,"Seftigen"
"75602460884",884,"Toffen"
"75602470885",885,"Uttigen"
"75602470886",886,"Wattenwil"
"75602460888",888,"Wald (BE)"
"75602450901",901,"Eggiwil"
"75602450902",902,"Langnau im Emmental"
"75602450903",903,"Lauperswil"
"75602450904",904,"Röthenbach im Emmental"
"75602450905",905,"Rüderswil"
"75602450906",906,"Schangnau"
"75602450907",907,"Signau"
"75602450908",908,"Trub"
"75602450909",909,"Trubschachen"
"75602470921",921,"Amsoldingen"
"75602470922",922,"Blumenstein"
"75602470923",923,"Buchholterberg"
"75602470924",924,"Eriz"
"75602470925",925,"Fahrni"
"75602470927",927,"Heiligenschwendi"
"75602470928",928,"Heimberg"
"75602470929",929,"Hilterfingen"
"75602470931",931,"Homberg"
"75602470932",932,"Horrenbach-Buchen"
"75602470934",934,"Oberhofen am Thunersee"
"75602470935",935,"Oberlangenegg"
"75602470936",936,"Pohlern"
"75602470937",937,"Schwendibach"
"75602470938",938,"Sigriswil"
"75602470939",939,"Steffisburg"
"75602470940",940,"Teuffenthal (BE)"
"75602470941",941,"Thierachern"
"75602470942",942,"Thun"
"75602470943",943,"Uebeschi"
"75602470944",944,"Uetendorf"
"75602470945",945,"Unterlangenegg"
"75602470946",946,"Wachseldorn"
"75602470947",947,"Zwieselberg"
"75602470948",948,"Forst-Längenbühl"
"75602450951",951,"Affoltern im Emmental"
"75602450952",952,"Dürrenroth"
"75602440953",953,"Eriswil"
"75602440954",954,"Huttwil"
"75602450955",955,"Lützelflüh"
"75602450956",956,"Rüegsau"
"75602450957",957,"Sumiswald"
"75602450958",958,"Trachselwald"
"75602440959",959,"Walterswil (BE)"
"75602440960",960,"Wyssachen"
"75602440971",971,"Attiswil"
"75602440972",972,"Berken"
"75602440973",973,"Bettenhausen"
"75602440975",975,"Farnern"
"75602440976",976,"Graben"
"75602440977",977,"Heimenhausen"
"75602440978",978,"Hermiswil"
"75602440979",979,"Herzogenbuchsee"
"75602440980",980,"Inkwil"
"75602440981",981,"Niederbipp"
"75602440982",982,"Niederönz"
"75602440983",983,"Oberbipp"
"75602440985",985,"Ochlenberg"
"75602440987",987,"Rumisberg"
"75602440988",988,"Seeberg"
"75602440989",989,"Thörigen"
"75602440990",990,"Walliswil bei Niederbipp"
"75602440991",991,"Walliswil bei Wangen"
"75602440992",992,"Wangen an der Aare"
"75602440993",993,"Wangenried"
"75602440995",995,"Wiedlisbach"
"75602440996",996,"Wolfisberg"
"75603161001",1001,"Doppleschwand"
"75603161002",1002,"Entlebuch"
"75603161004",1004,"Flühli"
"75603161005",1005,"Hasle (LU)"
"75603161007",1007,"Romoos"
"75603161008",1008,"Schüpfheim"
"75603161009",1009,"Werthenstein"
"75603161010",1010,"Escholzmatt-Marbach"
"75603131021",1021,"Aesch (LU)"
"75603131022",1022,"Altwis"
"75603131023",1023,"Ballwil"
"75603131024",1024,"Emmen"
"75603131025",1025,"Ermensee"
"75603131026",1026,"Eschenbach (LU)"
"75603131030",1030,"Hitzkirch"
"75603131031",1031,"Hochdorf"
"75603131032",1032,"Hohenrain"
"75603131033",1033,"Inwil"
"75603131037",1037,"Rain"
"75603131039",1039,"Römerswil"
"75603131040",1040,"Rothenburg"
"75603131041",1041,"Schongau"
"75603121051",1051,"Adligenswil"
"75603121052",1052,"Buchrain"
"75603121053",1053,"Dierikon"
"75603121054",1054,"Ebikon"
"75603121055",1055,"Gisikon"
"75603121056",1056,"Greppen"
"75603121057",1057,"Honau"
"75603121058",1058,"Horw"
"75603121059",1059,"Kriens"
"75603111061",1061,"Luzern"
"75603121062",1062,"Malters"
"75603121063",1063,"Meggen"
"75603121064",1064,"Meierskappel"
"75603121065",1065,"Root"
"75603121066",1066,"Schwarzenberg"
"75603121067",1067,"Udligenswil"
"75603121068",1068,"Vitznau"
"75603121069",1069,"Weggis"
"75603141081",1081,"Beromünster"
"75603141082",1082,"Büron"
"75603141083",1083,"Buttisholz"
"75603141084",1084,"Eich"
"75603141085",1085,"Geuensee"
"75603141086",1086,"Grosswangen"
"75603141088",1088,"Hildisrieden"
"75603141089",1089,"Knutwil"
"75603141091",1091,"Mauensee"
"75603141093",1093,"Neuenkirch"
"75603141094",1094,"Nottwil"
"75603141095",1095,"Oberkirch"
"75603141097",1097,"Rickenbach (LU)"
"75603141098",1098,"Ruswil"
"75603141099",1099,"Schenkon"
"75603141100",1100,"Schlierbach"
"75603141102",1102,"Sempach"
"75603141103",1103,"Sursee"
"75603141104",1104,"Triengen"
"75603161107",1107,"Wolhusen"
"75603151121",1121,"Alberswil"
"75603151122",1122,"Altbüron"
"75603151123",1123,"Altishofen"
"75603151125",1125,"Dagmersellen"
"75603151126",1126,"Ebersecken"
"75603151127",1127,"Egolzwil"
"75603151128",1128,"Ettiswil"
"75603151129",1129,"Fischbach"
"75603151130",1130,"Gettnau"
"75603151131",1131,"Grossdietwil"
"75603151132",1132,"Hergiswil bei Willisau"
"75603151135",1135,"Luthern"
"75603151136",1136,"Menznau"
"75603151137",1137,"Nebikon"
"75603151139",1139,"Pfaffnau"
"75603151140",1140,"Reiden"
"75603151142",1142,"Roggliswil"
"75603151143",1143,"Schötz"
"75603151145",1145,"Ufhusen"
"75603151146",1146,"Wauwil"
"75603151147",1147,"Wikon"
"75603151150",1150,"Zell (LU)"
"75603151151",1151,"Willisau"
"75604001201",1201,"Altdorf (UR)"
"75604001202",1202,"Andermatt"
"75604001203",1203,"Attinghausen"
"75604001204",1204,"Bauen"
"75604001205",1205,"Bürglen (UR)"
"75604001206",1206,"Erstfeld"
"75604001207",1207,"Flüelen"
"75604001208",1208,"Göschenen"
"75604001209",1209,"Gurtnellen"
"75604001210",1210,"Hospental"
"75604001211",1211,"Isenthal"
"75604001212",1212,"Realp"
"75604001213",1213,"Schattdorf"
"75604001214",1214,"Seedorf (UR)"
"75604001215",1215,"Seelisberg"
"75604001216",1216,"Silenen"
"75604001217",1217,"Sisikon"
"75604001218",1218,"Spiringen"
"75604001219",1219,"Unterschächen"
"75604001220",1220,"Wassen"
"75605011301",1301,"Einsiedeln"
"75605021311",1311,"Gersau"
"75605031321",1321,"Feusisberg"
"75605031322",1322,"Freienbach"
"75605031323",1323,"Wollerau"
"75605041331",1331,"Küssnacht (SZ)"
"75605051341",1341,"Altendorf"
"75605051342",1342,"Galgenen"
"75605051343",1343,"Innerthal"
"75605051344",1344,"Lachen"
"75605051345",1345,"Reichenburg"
"75605051346",1346,"Schübelbach"
"75605051347",1347,"Tuggen"
"75605051348",1348,"Vorderthal"
"75605051349",1349,"Wangen (SZ)"
"75605061361",1361,"Alpthal"
"75605061362",1362,"Arth"
"75605061363",1363,"Illgau"
"75605061364",1364,"Ingenbohl"
"75605061365",1365,"Lauerz"
"75605061366",1366,"Morschach"
"75605061367",1367,"Muotathal"
"75605061368",1368,"Oberiberg"
"75605061369",1369,"Riemenstalden"
"75605061370",1370,"Rothenthurm"
"75605061371",1371,"Sattel"
"75605061372",1372,"Schwyz"
"75605061373",1373,"Steinen"
"75605061374",1374,"Steinerberg"
"75605061375",1375,"Unteriberg"
"75606001401",1401,"Alpnach"
"75606001402",1402,"Engelberg"
"75606001403",1403,"Giswil"
"75606001404",1404,"Kerns"
"75606001405",1405,"Lungern"
"75606001406",1406,"Sachseln"
"75606001407",1407,"Sarnen"
"75607001501",1501,"Beckenried"
"75607001502",1502,"Buochs"
"75607001503",1503,"Dallenwil"
"75607001504",1504,"Emmetten"
"75607001505",1505,"Ennetbürgen"
"75607001506",1506,"Ennetmoos"
"75607001507",1507,"Hergiswil (NW)"
"75607001508",1508,"Oberdorf (NW)"
"75607001509",1509,"Stans"
"75607001510",1510,"Stansstad"
"75607001511",1511,"Wolfenschiessen"
"75608001630",1630,"Glarus Nord"
"75608001631",1631,"Glarus Süd"
"75608001632",1632,"Glarus"
"75609001701",1701,"Baar"
"75609001702",1702,"Cham"
"75609001703",1703,"Hünenberg"
"75609001704",1704,"Menzingen"
"75609001705",1705,"Neuheim"
"75609001706",1706,"Oberägeri"
"75609001707",1707,"Risch"
"75609001708",1708,"Steinhausen"
"75609001709",1709,"Unterägeri"
"75609001710",1710,"Walchwil"
"75609001711",1711,"Zug"
"75610012004",2004,"Bussy (FR)"
"75610012005",2005,"Châbles"
"75610012008",2008,"Châtillon (FR)"
"75610012009",2009,"Cheiry"
"75610012010",2010,"Cheyres"
"75610012011",2011,"Cugy (FR)"
"75610012013",2013,"Domdidier"
"75610012014",2014,"Dompierre (FR)"
"75610012015",2015,"Estavayer-le-Lac"
"75610012016",2016,"Fétigny"
"75610012022",2022,"Gletterens"
"75610012024",2024,"Léchelles"
"75610012025",2025,"Lully (FR)"
"75610012027",2027,"Ménières"
"75610012029",2029,"Montagny (FR)"
"75610012033",2033,"Morens (FR)"
"75610012034",2034,"Murist"
"75610012035",2035,"Nuvilly"
"75610012038",2038,"Prévondavaux"
"75610012039",2039,"Rueyres-les-Prés"
"75610012040",2040,"Russy"
"75610012041",2041,"Saint-Aubin (FR)"
"75610012043",2043,"Sévaz"
"75610012044",2044,"Surpierre"
"75610012045",2045,"Vallon"
"75610012047",2047,"Villeneuve (FR)"
"75610012049",2049,"Vuissens"
"75610012050",2050,"Les Montets"
"75610012051",2051,"Delley-Portalban"
"75610012052",2052,"Vernay"
"75610022061",2061,"Auboranges"
"75610022063",2063,"Billens-Hennens"
"75610022066",2066,"Chapelle (Glâne)"
"75610022067",2067,"Le Châtelard"
"75610022068",2068,"Châtonnaye"
"75610022072",2072,"Ecublens (FR)"
"75610022079",2079,"Grangettes"
"75610022086",2086,"Massonnens"
"75610022087",2087,"Mézières (FR)"
"75610022089",2089,"Montet (Glâne)"
"75610022096",2096,"Romont (FR)"
"75610022097",2097,"Rue"
"75610022099",2099,"Siviriez"
"75610022102",2102,"Ursy"
"75610022111",2111,"Villaz-Saint-Pierre"
"75610022113",2113,"Vuisternens-devant-Romont"
"75610022114",2114,"Villorsonnens"
"75610022115",2115,"Torny"
"75610022116",2116,"La Folliaz"
"75610032121",2121,"Haut-Intyamon"
"75610032122",2122,"Pont-en-Ogoz"
"75610032123",2123,"Botterens"
"75610032124",2124,"Broc"
"75610032125",2125,"Bulle"
"75610032128",2128,"Châtel-sur-Montsalvens"
"75610032129",2129,"Corbières"
"75610032130",2130,"Crésuz"
"75610032131",2131,"Echarlens"
"75610032134",2134,"Grandvillard"
"75610032135",2135,"Gruyères"
"75610032137",2137,"Hauteville"
"75610032138",2138,"Jaun"
"75610032140",2140,"Marsens"
"75610032143",2143,"Morlon"
"75610032145",2145,"Le Pâquier (FR)"
"75610032147",2147,"Pont-la-Ville"
"75610032148",2148,"Riaz"
"75610032149",2149,"La Roche"
"75610032152",2152,"Sâles"
"75610032153",2153,"Sorens"
"75610032155",2155,"Vaulruz"
"75610032160",2160,"Vuadens"
"75610032162",2162,"Bas-Intyamon"
"75610032163",2163,"Val-de-Charmey"
"75610042171",2171,"Arconciel"
"75610042172",2172,"Autafond"
"75610042173",2173,"Autigny"
"75610042174",2174,"Avry"
"75610042175",2175,"Belfaux"
"75610042177",2177,"Chénens"
"75610042179",2179,"Chésopelloz"
"75610042183",2183,"Corminboeuf"
"75610042184",2184,"Corpataux-Magnedens"
"75610042185",2185,"Corserey"
"75610042186",2186,"Cottens (FR)"
"75610042189",2189,"Ependes (FR)"
"75610042192",2192,"Farvagny"
"75610042194",2194,"Ferpicloz"
"75610042196",2196,"Fribourg"
"75610042197",2197,"Givisiez"
"75610042198",2198,"Granges-Paccot"
"75610042200",2200,"Grolley"
"75610042206",2206,"Marly"
"75610042208",2208,"Matran"
"75610042211",2211,"Neyruz (FR)"
"75610042213",2213,"Noréaz"
"75610042216",2216,"Pierrafortscha"
"75610042217",2217,"Ponthaux"
"75610042220",2220,"Le Mouret"
"75610042221",2221,"Prez-vers-Noréaz"
"75610042222",2222,"Rossens (FR)"
"75610042223",2223,"Le Glèbe"
"75610042225",2225,"Senèdes"
"75610042226",2226,"Treyvaux"
"75610042228",2228,"Villars-sur-Glâne"
"75610042230",2230,"Villarsel-sur-Marly"
"75610042231",2231,"Vuisternens-en-Ogoz"
"75610042233",2233,"Hauterive (FR)"
"75610042234",2234,"La Brillaz"
"75610042235",2235,"La Sonnaz"
"75610052243",2243,"Barberêche"
"75610052250",2250,"Courgevaux"
"75610052251",2251,"Courlevon"
"75610052254",2254,"Courtepin"
"75610052257",2257,"Cressier (FR)"
"75610052258",2258,"Fräschels"
"75610052259",2259,"Galmiz"
"75610052260",2260,"Gempenach"
"75610052261",2261,"Greng"
"75610052262",2262,"Gurmels"
"75610052264",2264,"Jeuss"
"75610052265",2265,"Kerzers"
"75610052266",2266,"Kleinbösingen"
"75610052270",2270,"Lurtigen"
"75610052271",2271,"Meyriez"
"75610052272",2272,"Misery-Courtion"
"75610052274",2274,"Muntelier"
"75610052275",2275,"Murten"
"75610052276",2276,"Ried bei Kerzers"
"75610052277",2277,"Salvenach"
"75610052278",2278,"Ulmiz"
"75610052279",2279,"Villarepos"
"75610052280",2280,"Bas-Vully"
"75610052281",2281,"Haut-Vully"
"75610052283",2283,"Wallenried"
"75610062291",2291,"Alterswil"
"75610062292",2292,"Brünisried"
"75610062293",2293,"Düdingen"
"75610062294",2294,"Giffers"
"75610062295",2295,"Bösingen"
"75610062296",2296,"Heitenried"
"75610062298",2298,"Oberschrot"
"75610062299",2299,"Plaffeien"
"75610062300",2300,"Plasselb"
"75610062301",2301,"Rechthalten"
"75610062302",2302,"St. Antoni"
"75610062303",2303,"St. Silvester"
"75610062304",2304,"St. Ursen"
"75610062305",2305,"Schmitten (FR)"
"75610062306",2306,"Tafers"
"75610062307",2307,"Tentlingen"
"75610062308",2308,"Ueberstorf"
"75610062309",2309,"Wünnewil-Flamatt"
"75610062310",2310,"Zumholz"
"75610072321",2321,"Attalens"
"75610072323",2323,"Bossonnens"
"75610072325",2325,"Châtel-Saint-Denis"
"75610072328",2328,"Granges (Veveyse)"
"75610072333",2333,"Remaufens"
"75610072335",2335,"Saint-Martin (FR)"
"75610072336",2336,"Semsales"
"75610072337",2337,"Le Flon"
"75610072338",2338,"La Verrerie"
"75610052391",2391,"Staatswald Galm"
"75611012401",2401,"Egerkingen"
"75611012402",2402,"Härkingen"
"75611012403",2403,"Kestenholz"
"75611012404",2404,"Neuendorf"
"75611012405",2405,"Niederbuchsiten"
"75611012406",2406,"Oberbuchsiten"
"75611012407",2407,"Oensingen"
"75611012408",2408,"Wolfwil"
"75611022421",2421,"Aedermannsdorf"
"75611022422",2422,"Balsthal"
"75611022423",2423,"Gänsbrunnen"
"75611022424",2424,"Herbetswil"
"75611022425",2425,"Holderbank (SO)"
"75611022426",2426,"Laupersdorf"
"75611022427",2427,"Matzendorf"
"75611022428",2428,"Mümliswil-Ramiswil"
"75611022429",2429,"Welschenrohr"
"75611032445",2445,"Biezwil"
"75611032455",2455,"Lüterkofen-Ichertswil"
"75611032456",2456,"Lüterswil-Gächliwil"
"75611032457",2457,"Messen"
"75611032461",2461,"Schnottwil"
"75611032463",2463,"Unterramsern"
"75611032464",2464,"Lüsslingen-Nennigkofen"
"75611032465",2465,"Buchegg"
"75611042471",2471,"Bättwil"
"75611042472",2472,"Büren (SO)"
"75611042473",2473,"Dornach"
"75611042474",2474,"Gempen"
"75611042475",2475,"Hochwald"
"75611042476",2476,"Hofstetten-Flüh"
"75611042477",2477,"Metzerlen-Mariastein"
"75611042478",2478,"Nuglar-St. Pantaleon"
"75611042479",2479,"Rodersdorf"
"75611042480",2480,"Seewen"
"75611042481",2481,"Witterswil"
"75611052491",2491,"Hauenstein-Ifenthal"
"75611052492",2492,"Kienberg"
"75611052493",2493,"Lostorf"
"75611052495",2495,"Niedergösgen"
"75611052497",2497,"Obergösgen"
"75611052498",2498,"Rohr (SO)"
"75611052499",2499,"Stüsslingen"
"75611052500",2500,"Trimbach"
"75611052501",2501,"Winznau"
"75611052502",2502,"Wisen (SO)"
"75611052503",2503,"Erlinsbach (SO)"
"75611062511",2511,"Aeschi (SO)"
"75611062513",2513,"Biberist"
"75611062514",2514,"Bolken"
"75611062516",2516,"Deitingen"
"75611062517",2517,"Derendingen"
"75611062518",2518,"Etziken"
"75611062519",2519,"Gerlafingen"
"75611062520",2520,"Halten"
"75611062523",2523,"Horriwil"
"75611062524",2524,"Hüniken"
"75611062525",2525,"Kriegstetten"
"75611062526",2526,"Lohn-Ammannsegg"
"75611062527",2527,"Luterbach"
"75611062528",2528,"Obergerlafingen"
"75611062529",2529,"Oekingen"
"75611062530",2530,"Recherswil"
"75611062532",2532,"Subingen"
"75611062534",2534,"Zuchwil"
"75611062535",2535,"Drei Höfe"
"75611072541",2541,"Balm bei Günsberg"
"75611072542",2542,"Bellach"
"75611072543",2543,"Bettlach"
"75611072544",2544,"Feldbrunnen-St. Niklaus"
"75611072545",2545,"Flumenthal"
"75611072546",2546,"Grenchen"
"75611072547",2547,"Günsberg"
"75611072548",2548,"Hubersdorf"
"75611072549",2549,"Kammersrohr"
"75611072550",2550,"Langendorf"
"75611072551",2551,"Lommiswil"
"75611072553",2553,"Oberdorf (SO)"
"75611072554",2554,"Riedholz"
"75611072555",2555,"Rüttenen"
"75611072556",2556,"Selzach"
"75611082571",2571,"Boningen"
"75611082572",2572,"Däniken"
"75611082573",2573,"Dulliken"
"75611082574",2574,"Eppenberg-Wöschnau"
"75611082575",2575,"Fulenbach"
"75611082576",2576,"Gretzenbach"
"75611082578",2578,"Gunzgen"
"75611082579",2579,"Hägendorf"
"75611082580",2580,"Kappel (SO)"
"75611082581",2581,"Olten"
"75611082582",2582,"Rickenbach (SO)"
"75611082583",2583,"Schönenwerd"
"75611082584",2584,"Starrkirch-Wil"
"75611082585",2585,"Walterswil (SO)"
"75611082586",2586,"Wangen bei Olten"
"75611092601",2601,"Solothurn"
"75611102611",2611,"Bärschwil"
"75611102612",2612,"Beinwil (SO)"
"75611102613",2613,"Breitenbach"
"75611102614",2614,"Büsserach"
"75611102615",2615,"Erschwil"
"75611102616",2616,"Fehren"
"75611102617",2617,"Grindel"
"75611102618",2618,"Himmelried"
"75611102619",2619,"Kleinlützel"
"75611102620",2620,"Meltingen"
"75611102621",2621,"Nunningen"
"75611102622",2622,"Zullwil"
"75612002701",2701,"Basel"
"75612002702",2702,"Bettingen"
"75612002703",2703,"Riehen"
"75613012761",2761,"Aesch (BL)"
"75613012762",2762,"Allschwil"
"75613012763",2763,"Arlesheim"
"75613012764",2764,"Biel-Benken"
"75613012765",2765,"Binningen"
"75613012766",2766,"Birsfelden"
"75613012767",2767,"Bottmingen"
"75613012768",2768,"Ettingen"
"75613012769",2769,"Münchenstein"
"75613012770",2770,"Muttenz"
"75613012771",2771,"Oberwil (BL)"
"75613012772",2772,"Pfeffingen"
"75613012773",2773,"Reinach (BL)"
"75613012774",2774,"Schönenbuch"
"75613012775",2775,"Therwil"
"75613022781",2781,"Blauen"
"75613022782",2782,"Brislach"
"75613022783",2783,"Burg im Leimental"
"75613022784",2784,"Dittingen"
"75613022785",2785,"Duggingen"
"75613022786",2786,"Grellingen"
"75613022787",2787,"Laufen"
"75613022788",2788,"Liesberg"
"75613022789",2789,"Nenzlingen"
"75613022790",2790,"Roggenburg"
"75613022791",2791,"Röschenz"
"75613022792",2792,"Wahlen"
"75613022793",2793,"Zwingen"
"75613032821",2821,"Arisdorf"
"75613032822",2822,"Augst"
"75613032823",2823,"Bubendorf"
"75613032824",2824,"Frenkendorf"
"75613032825",2825,"Füllinsdorf"
"75613032826",2826,"Giebenach"
"75613032827",2827,"Hersberg"
"75613032828",2828,"Lausen"
"75613032829",2829,"Liestal"
"75613032830",2830,"Lupsingen"
"75613032831",2831,"Pratteln"
"75613032832",2832,"Ramlinsburg"
"75613032833",2833,"Seltisberg"
"75613032834",2834,"Ziefen"
"75613042841",2841,"Anwil"
"75613042842",2842,"Böckten"
"75613042843",2843,"Buckten"
"75613042844",2844,"Buus"
"75613042845",2845,"Diepflingen"
"75613042846",2846,"Gelterkinden"
"75613042847",2847,"Häfelfingen"
"75613042848",2848,"Hemmiken"
"75613042849",2849,"Itingen"
"75613042850",2850,"Känerkinden"
"75613042851",2851,"Kilchberg (BL)"
"75613042852",2852,"Läufelfingen"
"75613042853",2853,"Maisprach"
"75613042854",2854,"Nusshof"
"75613042855",2855,"Oltingen"
"75613042856",2856,"Ormalingen"
"75613042857",2857,"Rickenbach (BL)"
"75613042858",2858,"Rothenfluh"
"75613042859",2859,"Rümlingen"
"75613042860",2860,"Rünenberg"
"75613042861",2861,"Sissach"
"75613042862",2862,"Tecknau"
"75613042863",2863,"Tenniken"
"75613042864",2864,"Thürnen"
"75613042865",2865,"Wenslingen"
"75613042866",2866,"Wintersingen"
"75613042867",2867,"Wittinsburg"
"75613042868",2868,"Zeglingen"
"75613042869",2869,"Zunzgen"
"75613052881",2881,"Arboldswil"
"75613052882",2882,"Bennwil"
"75613052883",2883,"Bretzwil"
"75613052884",2884,"Diegten"
"75613052885",2885,"Eptingen"
"75613052886",2886,"Hölstein"
"75613052887",2887,"Lampenberg"
"75613052888",2888,"Langenbruck"
"75613052889",2889,"Lauwil"
"75613052890",2890,"Liedertswil"
"75613052891",2891,"Niederdorf"
"75613052892",2892,"Oberdorf (BL)"
"75613052893",2893,"Reigoldswil"
"75613052894",2894,"Titterten"
"75613052895",2895,"Waldenburg"
"75614012901",2901,"Gächlingen"
"75614012903",2903,"Löhningen"
"75614012904",2904,"Neunkirch"
"75614022914",2914,"Büttenhardt"
"75614022915",2915,"Dörflingen"
"75614022917",2917,"Lohn (SH)"
"75614022919",2919,"Stetten (SH)"
"75614022920",2920,"Thayngen"
"75614032931",2931,"Bargen (SH)"
"75614032932",2932,"Beringen"
"75614032933",2933,"Buchberg"
"75614032936",2936,"Merishausen"
"75614032937",2937,"Neuhausen am Rheinfall"
"75614032938",2938,"Rüdlingen"
"75614032939",2939,"Schaffhausen"
"75614042951",2951,"Beggingen"
"75614042952",2952,"Schleitheim"
"75614042953",2953,"Siblingen"
"75614052961",2961,"Buch (SH)"
"75614052962",2962,"Hemishofen"
"75614052963",2963,"Ramsen"
"75614052964",2964,"Stein am Rhein"
"75614062971",2971,"Hallau"
"75614062972",2972,"Oberhallau"
"75614062973",2973,"Trasadingen"
"75614062974",2974,"Wilchingen"
"75615013001",3001,"Herisau"
"75615013002",3002,"Hundwil"
"75615013003",3003,"Schönengrund"
"75615013004",3004,"Schwellbrunn"
"75615013005",3005,"Stein (AR)"
"75615013006",3006,"Urnäsch"
"75615013007",3007,"Waldstatt"
"75615023021",3021,"Bühler"
"75615023022",3022,"Gais"
"75615023023",3023,"Speicher"
"75615023024",3024,"Teufen (AR)"
"75615023025",3025,"Trogen"
"75615033031",3031,"Grub (AR)"
"75615033032",3032,"Heiden"
"75615033033",3033,"Lutzenberg"
"75615033034",3034,"Rehetobel"
"75615033035",3035,"Reute (AR)"
"75615033036",3036,"Wald (AR)"
"75615033037",3037,"Walzenhausen"
"75615033038",3038,"Wolfhalden"
"75616003101",3101,"Appenzell"
"75616003102",3102,"Gonten"
"75616003103",3103,"Rüte"
"75616003104",3104,"Schlatt-Haslen"
"75616003105",3105,"Schwende"
"75616003111",3111,"Oberegg"
"75617213201",3201,"Häggenschwil"
"75617213202",3202,"Muolen"
"75617213203",3203,"St. Gallen"
"75617213204",3204,"Wittenbach"
"75617223211",3211,"Berg (SG)"
"75617213212",3212,"Eggersriet"
"75617223213",3213,"Goldach"
"75617223214",3214,"Mörschwil"
"75617223215",3215,"Rorschach"
"75617223216",3216,"Rorschacherberg"
"75617223217",3217,"Steinach"
"75617223218",3218,"Tübach"
"75617223219",3219,"Untereggen"
"75617233231",3231,"Au (SG)"
"75617233232",3232,"Balgach"
"75617233233",3233,"Berneck"
"75617233234",3234,"Diepoldsau"
"75617233235",3235,"Rheineck"
"75617233236",3236,"St. Margrethen"
"75617223237",3237,"Thal"
"75617233238",3238,"Widnau"
"75617233251",3251,"Altstätten"
"75617233252",3252,"Eichberg"
"75617233253",3253,"Marbach (SG)"
"75617233254",3254,"Oberriet (SG)"
"75617233255",3255,"Rebstein"
"75617233256",3256,"Rüthi (SG)"
"75617243271",3271,"Buchs (SG)"
"75617243272",3272,"Gams"
"75617243273",3273,"Grabs"
"75617243274",3274,"Sennwald"
"75617243275",3275,"Sevelen"
"75617243276",3276,"Wartau"
"75617253291",3291,"Bad Ragaz"
"75617253292",3292,"Flums"
"75617253293",3293,"Mels"
"75617253294",3294,"Pfäfers"
"75617253295",3295,"Quarten"
"75617253296",3296,"Sargans"
"75617253297",3297,"Vilters-Wangs"
"75617253298",3298,"Walenstadt"
"75617263311",3311,"Amden"
"75617263312",3312,"Benken (SG)"
"75617263313",3313,"Kaltbrunn"
"75617263315",3315,"Schänis"
"75617263316",3316,"Weesen"
"75617263338",3338,"Schmerikon"
"75617263339",3339,"Uznach"
"75617263340",3340,"Rapperswil-Jona"
"75617263341",3341,"Gommiswald"
"75617263342",3342,"Eschenbach (SG)"
"75617273352",3352,"Ebnat-Kappel"
"75617273359",3359,"Wildhaus-Alt St. Johann"
"75617273360",3360,"Nesslau"
"75617273372",3372,"Hemberg"
"75617273374",3374,"Lichtensteig"
"75617273375",3375,"Oberhelfenschwil"
"75617273378",3378,"Neckertal"
"75617273379",3379,"Wattwil"
"75617273392",3392,"Kirchberg (SG)"
"75617273393",3393,"Lütisburg"
"75617273394",3394,"Mosnang"
"75617273395",3395,"Bütschwil-Ganterschwil"
"75617283401",3401,"Degersheim"
"75617283402",3402,"Flawil"
"75617283405",3405,"Jonschwil"
"75617283407",3407,"Oberuzwil"
"75617283408",3408,"Uzwil"
"75617283422",3422,"Niederbüren"
"75617283423",3423,"Niederhelfenschwil"
"75617283424",3424,"Oberbüren"
"75617283426",3426,"Zuzwil (SG)"
"75617283427",3427,"Wil (SG)"
"75617213441",3441,"Andwil (SG)"
"75617213442",3442,"Gaiserwald"
"75617213443",3443,"Gossau (SG)"
"75617213444",3444,"Waldkirch"
"75618213501",3501,"Alvaschein"
"75618213502",3502,"Mon"
"75618213503",3503,"Mutten"
"75618213504",3504,"Stierva"
"75618213505",3505,"Tiefencastel"
"75618213506",3506,"Vaz/Obervaz"
"75618213511",3511,"Alvaneu"
"75618213512",3512,"Brienz/Brinzauls"
"75618213513",3513,"Lantsch/Lenz"
"75618213514",3514,"Schmitten (GR)"
"75618213515",3515,"Surava"
"75618213521",3521,"Bergün/Bravuogn"
"75618213522",3522,"Filisur"
"75618213531",3531,"Bivio"
"75618213532",3532,"Cunter"
"75618213533",3533,"Marmorera"
"75618213534",3534,"Mulegns"
"75618213536",3536,"Riom-Parsonz"
"75618213538",3538,"Salouf"
"75618213539",3539,"Savognin"
"75618213540",3540,"Sur"
"75618213541",3541,"Tinizong-Rona"
"75618223551",3551,"Brusio"
"75618223561",3561,"Poschiavo"
"75618313572",3572,"Falera"
"75618313575",3575,"Laax"
"75618313581",3581,"Sagogn"
"75618313582",3582,"Schluein"
"75618313598",3598,"St. Martin"
"75618313603",3603,"Vals"
"75618313611",3611,"Andiast"
"75618313612",3612,"Obersaxen"
"75618313616",3616,"Waltensburg/Vuorz"
"75618313617",3617,"Mundaun"
"75618313618",3618,"Lumnezia"
"75618313619",3619,"Ilanz/Glion"
"75618233631",3631,"Almens"
"75618233633",3633,"Fürstenau"
"75618233634",3634,"Paspels"
"75618233635",3635,"Pratval"
"75618233636",3636,"Rodels"
"75618233637",3637,"Rothenbrunnen"
"75618233638",3638,"Scharans"
"75618233640",3640,"Sils im Domleschg"
"75618233661",3661,"Cazis"
"75618233662",3662,"Flerden"
"75618233663",3663,"Masein"
"75618233668",3668,"Thusis"
"75618233669",3669,"Tschappina"
"75618233670",3670,"Urmein"
"75618233671",3671,"Tomils"
"75618313672",3672,"Safiental"
"75618233681",3681,"Avers"
"75618233691",3691,"Hinterrhein"
"75618233693",3693,"Nufenen"
"75618233694",3694,"Splügen"
"75618233695",3695,"Sufers"
"75618233701",3701,"Andeer"
"75618233703",3703,"Casti-Wergenstein"
"75618233705",3705,"Donat"
"75618233707",3707,"Lohn (GR)"
"75618233708",3708,"Mathon"
"75618233711",3711,"Rongellen"
"75618233712",3712,"Zillis-Reischen"
"75618233713",3713,"Ferrera"
"75618243721",3721,"Bonaduz"
"75618243722",3722,"Domat/Ems"
"75618243723",3723,"Rhäzüns"
"75618243731",3731,"Felsberg"
"75618243732",3732,"Flims"
"75618243733",3733,"Tamins"
"75618243734",3734,"Trin"
"75618253741",3741,"Ardez"
"75618253742",3742,"Guarda"
"75618253743",3743,"Lavin"
"75618253744",3744,"Susch"
"75618253745",3745,"Tarasp"
"75618253746",3746,"Zernez"
"75618253752",3752,"Samnaun"
"75618253761",3761,"Ftan"
"75618253762",3762,"Scuol"
"75618253763",3763,"Sent"
"75618253764",3764,"Valsot"
"75618273781",3781,"Bever"
"75618273782",3782,"Celerina/Schlarigna"
"75618273783",3783,"Madulain"
"75618273784",3784,"Pontresina"
"75618273785",3785,"La Punt-Chamues-ch"
"75618273786",3786,"Samedan"
"75618273787",3787,"St. Moritz"
"75618273788",3788,"S-chanf"
"75618273789",3789,"Sils im Engadin/Segl"
"75618273790",3790,"Silvaplana"
"75618273791",3791,"Zuoz"
"75618273792",3792,"Bregaglia"
"75618283801",3801,"Arvigo"
"75618283803",3803,"Braggio"
"75618283804",3804,"Buseno"
"75618283805",3805,"Castaneda"
"75618283806",3806,"Cauco"
"75618283808",3808,"Rossa"
"75618283810",3810,"Santa Maria in Calanca"
"75618283811",3811,"Selma"
"75618283821",3821,"Lostallo"
"75618283822",3822,"Mesocco"
"75618283823",3823,"Soazza"
"75618283831",3831,"Cama"
"75618283832",3832,"Grono"
"75618283833",3833,"Leggia"
"75618283834",3834,"Roveredo (GR)"
"75618283835",3835,"San Vittore"
"75618283836",3836,"Verdabbio"
"75618253847",3847,"Val Müstair"
"75618303851",3851,"Davos"
"75618303861",3861,"Fideris"
"75618303862",3862,"Furna"
"75618303863",3863,"Jenaz"
"75618303871",3871,"Klosters-Serneus"
"75618303881",3881,"Conters im Prättigau"
"75618303882",3882,"Küblis"
"75618303883",3883,"Saas"
"75618303891",3891,"Luzein"
"75618303893",3893,"St. Antönien"
"75618293901",3901,"Chur"
"75618293911",3911,"Churwalden"
"75618293921",3921,"Arosa"
"75618293926",3926,"Maladers"
"75618293932",3932,"Tschiertschen-Praden"
"75618263941",3941,"Haldenstein"
"75618263945",3945,"Trimmis"
"75618263946",3946,"Untervaz"
"75618263947",3947,"Zizers"
"75618263951",3951,"Fläsch"
"75618263952",3952,"Jenins"
"75618263953",3953,"Maienfeld"
"75618263954",3954,"Malans"
"75618263955",3955,"Landquart"
"75618303961",3961,"Grüsch"
"75618303962",3962,"Schiers"
"75618303972",3972,"Seewis im Prättigau"
"75618313981",3981,"Breil/Brigels"
"75618313982",3982,"Disentis/Mustér"
"75618313983",3983,"Medel (Lucmagn)"
"75618313985",3985,"Sumvitg"
"75618313986",3986,"Tujetsch"
"75618313987",3987,"Trun"
"75619014001",4001,"Aarau"
"75619014002",4002,"Biberstein"
"75619014003",4003,"Buchs (AG)"
"75619014004",4004,"Densbüren"
"75619014005",4005,"Erlinsbach (AG)"
"75619014006",4006,"Gränichen"
"75619014007",4007,"Hirschthal"
"75619014008",4008,"Küttigen"
"75619014009",4009,"Muhen"
"75619014010",4010,"Oberentfelden"
"75619014012",4012,"Suhr"
"75619014013",4013,"Unterentfelden"
"75619024021",4021,"Baden"
"75619024022",4022,"Bellikon"
"75619024023",4023,"Bergdietikon"
"75619024024",4024,"Birmenstorf (AG)"
"75619024026",4026,"Ennetbaden"
"75619024027",4027,"Fislisbach"
"75619024028",4028,"Freienwil"
"75619024029",4029,"Gebenstorf"
"75619024030",4030,"Killwangen"
"75619024031",4031,"Künten"
"75619024032",4032,"Mägenwil"
"75619024033",4033,"Mellingen"
"75619024034",4034,"Neuenhof"
"75619024035",4035,"Niederrohrdorf"
"75619024037",4037,"Oberrohrdorf"
"75619024038",4038,"Obersiggenthal"
"75619024039",4039,"Remetschwil"
"75619024040",4040,"Spreitenbach"
"75619024041",4041,"Stetten (AG)"
"75619024042",4042,"Turgi"
"75619024044",4044,"Untersiggenthal"
"75619024045",4045,"Wettingen"
"75619024046",4046,"Wohlenschwil"
"75619024047",4047,"Würenlingen"
"75619024048",4048,"Würenlos"
"75619024049",4049,"Ehrendingen"
"75619034061",4061,"Arni (AG)"
"75619034062",4062,"Berikon"
"75619034063",4063,"Bremgarten (AG)"
"75619034064",4064,"Büttikon"
"75619034065",4065,"Dottikon"
"75619034066",4066,"Eggenwil"
"75619034067",4067,"Fischbach-Göslikon"
"75619034068",4068,"Hägglingen"
"75619034071",4071,"Jonen"
"75619034072",4072,"Niederwil (AG)"
"75619034073",4073,"Oberlunkhofen"
"75619034074",4074,"Oberwil-Lieli"
"75619034075",4075,"Rudolfstetten-Friedlisberg"
"75619034076",4076,"Sarmenstorf"
"75619034077",4077,"Tägerig"
"75619034078",4078,"Uezwil"
"75619034079",4079,"Unterlunkhofen"
"75619034080",4080,"Villmergen"
"75619034081",4081,"Widen"
"75619034082",4082,"Wohlen (AG)"
"75619034083",4083,"Zufikon"
"75619034084",4084,"Islisberg"
"75619044091",4091,"Auenstein"
"75619044092",4092,"Birr"
"75619044093",4093,"Birrhard"
"75619044094",4094,"Bözen"
"75619044095",4095,"Brugg"
"75619044096",4096,"Effingen"
"75619044097",4097,"Elfingen"
"75619044099",4099,"Habsburg"
"75619044100",4100,"Hausen (AG)"
"75619044104",4104,"Lupfig"
"75619044105",4105,"Mandach"
"75619044106",4106,"Mönthal"
"75619044107",4107,"Mülligen"
"75619044110",4110,"Remigen"
"75619044111",4111,"Riniken"
"75619044112",4112,"Rüfenach"
"75619044113",4113,"Scherz"
"75619044114",4114,"Schinznach-Bad"
"75619044117",4117,"Thalheim (AG)"
"75619044120",4120,"Veltheim (AG)"
"75619044121",4121,"Villigen"
"75619044122",4122,"Villnachern"
"75619044123",4123,"Windisch"
"75619044124",4124,"Bözberg"
"75619044125",4125,"Schinznach"
"75619054131",4131,"Beinwil am See"
"75619054132",4132,"Birrwil"
"75619054133",4133,"Burg (AG)"
"75619054134",4134,"Dürrenäsch"
"75619054135",4135,"Gontenschwil"
"75619054136",4136,"Holziken"
"75619054137",4137,"Leimbach (AG)"
"75619054138",4138,"Leutwil"
"75619054139",4139,"Menziken"
"75619054140",4140,"Oberkulm"
"75619054141",4141,"Reinach (AG)"
"75619054142",4142,"Schlossrued"
"75619054143",4143,"Schmiedrued"
"75619054144",4144,"Schöftland"
"75619054145",4145,"Teufenthal (AG)"
"75619054146",4146,"Unterkulm"
"75619054147",4147,"Zetzwil"
"75619064161",4161,"Eiken"
"75619064163",4163,"Frick"
"75619064164",4164,"Gansingen"
"75619064165",4165,"Gipf-Oberfrick"
"75619064166",4166,"Herznach"
"75619064167",4167,"Hornussen"
"75619064169",4169,"Kaisten"
"75619064170",4170,"Laufenburg"
"75619064172",4172,"Münchwilen (AG)"
"75619064173",4173,"Oberhof"
"75619064175",4175,"Oeschgen"
"75619064176",4176,"Schwaderloch"
"75619064177",4177,"Sisseln"
"75619064179",4179,"Ueken"
"75619064181",4181,"Wittnau"
"75619064182",4182,"Wölflinswil"
"75619064183",4183,"Zeihen"
"75619064184",4184,"Mettauertal"
"75619074191",4191,"Ammerswil"
"75619074192",4192,"Boniswil"
"75619074193",4193,"Brunegg"
"75619074194",4194,"Dintikon"
"75619074195",4195,"Egliswil"
"75619074196",4196,"Fahrwangen"
"75619074197",4197,"Hallwil"
"75619074198",4198,"Hendschiken"
"75619074199",4199,"Holderbank (AG)"
"75619074200",4200,"Hunzenschwil"
"75619074201",4201,"Lenzburg"
"75619074202",4202,"Meisterschwanden"
"75619074203",4203,"Möriken-Wildegg"
"75619074204",4204,"Niederlenz"
"75619074205",4205,"Othmarsingen"
"75619074206",4206,"Rupperswil"
"75619074207",4207,"Schafisheim"
"75619074208",4208,"Seengen"
"75619074209",4209,"Seon"
"75619074210",4210,"Staufen"
"75619084221",4221,"Abtwil"
"75619084222",4222,"Aristau"
"75619084223",4223,"Auw"
"75619084224",4224,"Beinwil (Freiamt)"
"75619084226",4226,"Besenbüren"
"75619084227",4227,"Bettwil"
"75619084228",4228,"Boswil"
"75619084229",4229,"Bünzen"
"75619084230",4230,"Buttwil"
"75619084231",4231,"Dietwil"
"75619084232",4232,"Geltwil"
"75619084233",4233,"Kallern"
"75619084234",4234,"Merenschwand"
"75619084235",4235,"Mühlau"
"75619084236",4236,"Muri (AG)"
"75619084237",4237,"Oberrüti"
"75619084238",4238,"Rottenschwil"
"75619084239",4239,"Sins"
"75619084240",4240,"Waltenschwil"
"75619094251",4251,"Hellikon"
"75619094252",4252,"Kaiseraugst"
"75619094253",4253,"Magden"
"75619094254",4254,"Möhlin"
"75619094255",4255,"Mumpf"
"75619094256",4256,"Obermumpf"
"75619094257",4257,"Olsberg"
"75619094258",4258,"Rheinfelden"
"75619094259",4259,"Schupfart"
"75619094260",4260,"Stein (AG)"
"75619094261",4261,"Wallbach"
"75619094262",4262,"Wegenstetten"
"75619094263",4263,"Zeiningen"
"75619094264",4264,"Zuzgen"
"75619104271",4271,"Aarburg"
"75619104272",4272,"Attelwil"
"75619104273",4273,"Bottenwil"
"75619104274",4274,"Brittnau"
"75619104275",4275,"Kirchleerau"
"75619104276",4276,"Kölliken"
"75619104277",4277,"Moosleerau"
"75619104279",4279,"Murgenthal"
"75619104280",4280,"Oftringen"
"75619104281",4281,"Reitnau"
"75619104282",4282,"Rothrist"
"75619104283",4283,"Safenwil"
"75619104284",4284,"Staffelbach"
"75619104285",4285,"Strengelbach"
"75619104286",4286,"Uerkheim"
"75619104287",4287,"Vordemwald"
"75619104288",4288,"Wiliberg"
"75619104289",4289,"Zofingen"
"75619114301",4301,"Baldingen"
"75619114302",4302,"Böbikon"
"75619114303",4303,"Böttstein"
"75619114304",4304,"Döttingen"
"75619114305",4305,"Endingen"
"75619114306",4306,"Fisibach"
"75619114307",4307,"Full-Reuenthal"
"75619114308",4308,"Kaiserstuhl"
"75619114309",4309,"Klingnau"
"75619114310",4310,"Koblenz"
"75619114311",4311,"Leibstadt"
"75619114312",4312,"Lengnau (AG)"
"75619114313",4313,"Leuggern"
"75619114314",4314,"Mellikon"
"75619114315",4315,"Rekingen (AG)"
"75619114316",4316,"Rietheim"
"75619114317",4317,"Rümikon"
"75619114318",4318,"Schneisingen"
"75619114319",4319,"Siglistorf"
"75619114320",4320,"Tegerfelden"
"75619114322",4322,"Wislikofen"
"75619114323",4323,"Bad Zurzach"
"75620114401",4401,"Arbon"
"75620114406",4406,"Dozwil"
"75620114411",4411,"Egnach"
"75620114416",4416,"Hefenhofen"
"75620114421",4421,"Horn"
"75620114426",4426,"Kesswil"
"75620114431",4431,"Roggwil (TG)"
"75620114436",4436,"Romanshorn"
"75620114441",4441,"Salmsach"
"75620114446",4446,"Sommeri"
"75620114451",4451,"Uttwil"
"75620114461",4461,"Amriswil"
"75620154471",4471,"Bischofszell"
"75620154476",4476,"Erlen"
"75620154486",4486,"Hauptwil-Gottshaus"
"75620154495",4495,"Hohentannen"
"75620154501",4501,"Kradolf-Schönenberg"
"75620154506",4506,"Sulgen"
"75620154511",4511,"Zihlschlacht-Sitterdorf"
"75620124536",4536,"Basadingen-Schlattingen"
"75620124545",4545,"Diessenhofen"
"75620124546",4546,"Schlatt (TG)"
"75620144551",4551,"Aadorf"
"75620124561",4561,"Felben-Wellhausen"
"75620124566",4566,"Frauenfeld"
"75620124571",4571,"Gachnang"
"75620124590",4590,"Hüttlingen"
"75620124591",4591,"Matzingen"
"75620124601",4601,"Neunforn"
"75620124606",4606,"Stettfurt"
"75620124611",4611,"Thundorf"
"75620124616",4616,"Uesslingen-Buch"
"75620124621",4621,"Warth-Weiningen"
"75620134641",4641,"Altnau"
"75620134643",4643,"Bottighofen"
"75620134646",4646,"Ermatingen"
"75620134651",4651,"Gottlieben"
"75620134656",4656,"Güttingen"
"75620134666",4666,"Kemmental"
"75620134671",4671,"Kreuzlingen"
"75620134681",4681,"Langrickenbach"
"75620134683",4683,"Lengwil"
"75620134691",4691,"Münsterlingen"
"75620134696",4696,"Tägerwilen"
"75620134701",4701,"Wäldi"
"75620154711",4711,"Affeltrangen"
"75620144716",4716,"Bettwiesen"
"75620144721",4721,"Bichelsee-Balterswil"
"75620144723",4723,"Braunau"
"75620144724",4724,"Eschlikon"
"75620144726",4726,"Fischingen"
"75620144741",4741,"Lommis"
"75620144746",4746,"Münchwilen (TG)"
"75620144751",4751,"Rickenbach (TG)"
"75620154756",4756,"Schönholzerswilen"
"75620144761",4761,"Sirnach"
"75620144776",4776,"Tobel-Tägerschen"
"75620144781",4781,"Wängi"
"75620144786",4786,"Wilen (TG)"
"75620154791",4791,"Wuppenau"
"75620124801",4801,"Berlingen"
"75620124806",4806,"Eschenz"
"75620124811",4811,"Herdern"
"75620124816",4816,"Homburg"
"75620124821",4821,"Hüttwilen"
"75620124826",4826,"Mammern"
"75620124831",4831,"Müllheim"
"75620124841",4841,"Pfyn"
"75620134846",4846,"Raperswilen"
"75620134851",4851,"Salenstein"
"75620124864",4864,"Steckborn"
"75620124871",4871,"Wagenhausen"
"75620154881",4881,"Amlikon-Bissegg"
"75620154891",4891,"Berg (TG)"
"75620154901",4901,"Birwinken"
"75620154911",4911,"Bürglen (TG)"
"75620154921",4921,"Bussnang"
"75620154941",4941,"Märstetten"
"75620154946",4946,"Weinfelden"
"75620154951",4951,"Wigoltingen"
"75621015001",5001,"Arbedo-Castione"
"75621015002",5002,"Bellinzona"
"75621015003",5003,"Cadenazzo"
"75621015004",5004,"Camorino"
"75621015005",5005,"Giubiasco"
"75621015006",5006,"Gnosca"
"75621015007",5007,"Gorduno"
"75621015008",5008,"Gudo"
"75621015009",5009,"Isone"
"75621015010",5010,"Lumino"
"75621015012",5012,"Moleno"
"75621015013",5013,"Monte Carasso"
"75621015014",5014,"Pianezzo"
"75621015015",5015,"Preonzo"
"75621015017",5017,"Sant'Antonino"
"75621015018",5018,"Sant'Antonio"
"75621015019",5019,"Sementina"
"75621025048",5048,"Acquarossa"
"75621025049",5049,"Blenio"
"75621025050",5050,"Serravalle"
"75621035061",5061,"Airolo"
"75621035063",5063,"Bedretto"
"75621035064",5064,"Bodio"
"75621035071",5071,"Dalpe"
"75621035072",5072,"Faido"
"75621035073",5073,"Giornico"
"75621035076",5076,"Personico"
"75621035077",5077,"Pollegio"
"75621035078",5078,"Prato (Leventina)"
"75621035079",5079,"Quinto"
"75621035081",5081,"Sobrio"
"75621045091",5091,"Ascona"
"75621045095",5095,"Brione (Verzasca)"
"75621045096",5096,"Brione sopra Minusio"
"75621045097",5097,"Brissago"
"75621045102",5102,"Corippo"
"75621045105",5105,"Frasco"
"75621045108",5108,"Gordola"
"75621045109",5109,"Gresso"
"75621045112",5112,"Lavertezzo"
"75621045113",5113,"Locarno"
"75621045115",5115,"Losone"
"75621045117",5117,"Mergoscia"
"75621045118",5118,"Minusio"
"75621045119",5119,"Mosogno"
"75621045120",5120,"Muralto"
"75621045121",5121,"Orselina"
"75621045125",5125,"Ronco sopra Ascona"
"75621045129",5129,"Sonogno"
"75621045131",5131,"Tenero-Contra"
"75621045132",5132,"Vergeletto"
"75621045135",5135,"Vogorno"
"75621045136",5136,"Onsernone"
"75621045137",5137,"Isorno"
"75621045138",5138,"Cugnasco-Gerra"
"75621055141",5141,"Agno"
"75621055143",5143,"Aranno"
"75621055144",5144,"Arogno"
"75621055146",5146,"Astano"
"75621055148",5148,"Bedano"
"75621055149",5149,"Bedigliora"
"75621055151",5151,"Bioggio"
"75621055154",5154,"Bissone"
"75621055160",5160,"Brusino Arsizio"
"75621055161",5161,"Cademario"
"75621055162",5162,"Cadempino"
"75621055167",5167,"Canobbio"
"75621055171",5171,"Caslano"
"75621055176",5176,"Comano"
"75621055178",5178,"Croglio"
"75621055180",5180,"Cureglia"
"75621055181",5181,"Curio"
"75621055186",5186,"Grancia"
"75621055187",5187,"Gravesano"
"75621055189",5189,"Lamone"
"75621055192",5192,"Lugano"
"75621055193",5193,"Magliaso"
"75621055194",5194,"Manno"
"75621055195",5195,"Maroggia"
"75621055196",5196,"Massagno"
"75621055197",5197,"Melano"
"75621055198",5198,"Melide"
"75621055199",5199,"Mezzovico-Vira"
"75621055200",5200,"Miglieglia"
"75621055202",5202,"Monteggio"
"75621055203",5203,"Morcote"
"75621055205",5205,"Muzzano"
"75621055206",5206,"Neggio"
"75621055207",5207,"Novaggio"
"75621055208",5208,"Origlio"
"75621055210",5210,"Paradiso"
"75621055212",5212,"Ponte Capriasca"
"75621055213",5213,"Ponte Tresa"
"75621055214",5214,"Porza"
"75621055216",5216,"Pura"
"75621055219",5219,"Rovio"
"75621055221",5221,"Savosa"
"75621055222",5222,"Sessa"
"75621055225",5225,"Sorengo"
"75621055226",5226,"Capriasca"
"75621055227",5227,"Torricella-Taverne"
"75621055230",5230,"Vernate"
"75621055231",5231,"Vezia"
"75621055233",5233,"Vico Morcote"
"75621055236",5236,"Collina d'Oro"
"75621055237",5237,"Alto Malcantone"
"75621055238",5238,"Monteceneri"
"75621065242",5242,"Balerna"
"75621065249",5249,"Castel San Pietro"
"75621065250",5250,"Chiasso"
"75621065251",5251,"Coldrerio"
"75621065254",5254,"Mendrisio"
"75621065257",5257,"Morbio Inferiore"
"75621065260",5260,"Novazzano"
"75621065263",5263,"Riva San Vitale"
"75621065266",5266,"Stabio"
"75621065268",5268,"Vacallo"
"75621065269",5269,"Breggia"
"75621075281",5281,"Biasca"
"75621075282",5282,"Claro"
"75621075283",5283,"Cresciano"
"75621075284",5284,"Iragna"
"75621075285",5285,"Lodrino"
"75621075286",5286,"Osogna"
"75621085304",5304,"Bosco/Gurin"
"75621085307",5307,"Campo (Vallemaggia)"
"75621085309",5309,"Cerentino"
"75621085310",5310,"Cevio"
"75621085315",5315,"Linescio"
"75621085317",5317,"Maggia"
"75621085323",5323,"Lavizzara"
"75621085324",5324,"Avegno Gordevio"
"75621015391",5391,"Comunanza Cadenazzo/Monteceneri"
"75621055394",5394,"Comunanza Capriasca/Lugano"
"75621045396",5396,"Terre di Pedemonte"
"75621045397",5397,"Centovalli"
"75621045398",5398,"Gambarogno"
"75622215401",5401,"Aigle"
"75622215402",5402,"Bex"
"75622215403",5403,"Chessel"
"75622215404",5404,"Corbeyrier"
"75622215405",5405,"Gryon"
"75622215406",5406,"Lavey-Morcles"
"75622215407",5407,"Leysin"
"75622215408",5408,"Noville"
"75622215409",5409,"Ollon"
"75622215410",5410,"Ormont-Dessous"
"75622215411",5411,"Ormont-Dessus"
"75622215412",5412,"Rennaz"
"75622215413",5413,"Roche (VD)"
"75622215414",5414,"Villeneuve (VD)"
"75622215415",5415,"Yvorne"
"75622275421",5421,"Apples"
"75622275422",5422,"Aubonne"
"75622275423",5423,"Ballens"
"75622275424",5424,"Berolle"
"75622275425",5425,"Bière"
"75622275426",5426,"Bougy-Villars"
"75622275427",5427,"Féchy"
"75622275428",5428,"Gimel"
"75622285429",5429,"Longirod"
"75622285430",5430,"Marchissy"
"75622275431",5431,"Mollens (VD)"
"75622275432",5432,"Montherod"
"75622285434",5434,"Saint-George"
"75622275435",5435,"Saint-Livres"
"75622275436",5436,"Saint-Oyens"
"75622275437",5437,"Saubraz"
"75622225451",5451,"Avenches"
"75622225456",5456,"Cudrefin"
"75622225458",5458,"Faoug"
"75622225464",5464,"Vully-les-Lacs"
"75622235471",5471,"Bettens"
"75622235472",5472,"Bournens"
"75622235473",5473,"Boussens"
"75622275474",5474,"La Chaux (Cossonay)"
"75622275475",5475,"Chavannes-le-Veyron"
"75622275476",5476,"Chevilly"
"75622275477",5477,"Cossonay"
"75622275478",5478,"Cottens (VD)"
"75622275479",5479,"Cuarnens"
"75622235480",5480,"Daillens"
"75622275481",5481,"Dizy"
"75622275482",5482,"Eclépens"
"75622275483",5483,"Ferreyres"
"75622275484",5484,"Gollion"
"75622275485",5485,"Grancy"
"75622275486",5486,"L'Isle"
"75622235487",5487,"Lussery-Villars"
"75622275488",5488,"Mauraz"
"75622235489",5489,"Mex (VD)"
"75622275490",5490,"Moiry"
"75622275491",5491,"Mont-la-Ville"
"75622275492",5492,"Montricher"
"75622275493",5493,"Orny"
"75622275494",5494,"Pampigny"
"75622235495",5495,"Penthalaz"
"75622235496",5496,"Penthaz"
"75622275497",5497,"Pompaples"
"75622275498",5498,"La Sarraz"
"75622275499",5499,"Senarclens"
"75622275500",5500,"Sévery"
"75622235501",5501,"Sullens"
"75622235503",5503,"Vufflens-la-Ville"
"75622235511",5511,"Assens"
"75622235512",5512,"Bercher"
"75622235513",5513,"Bioley-Orjulaz"
"75622235514",5514,"Bottens"
"75622235515",5515,"Bretigny-sur-Morrens"
"75622235516",5516,"Cugy (VD)"
"75622235518",5518,"Echallens"
"75622235520",5520,"Essertines-sur-Yverdon"
"75622235521",5521,"Etagnières"
"75622235522",5522,"Fey"
"75622235523",5523,"Froideville"
"75622235527",5527,"Morrens (VD)"
"75622235529",5529,"Oulens-sous-Echallens"
"75622235530",5530,"Pailly"
"75622235531",5531,"Penthéréaz"
"75622235533",5533,"Poliez-Pittet"
"75622235534",5534,"Rueyres"
"75622235535",5535,"Saint-Barthélemy (VD)"
"75622235537",5537,"Villars-le-Terroir"
"75622235539",5539,"Vuarrens"
"75622235540",5540,"Montilliez"
"75622235541",5541,"Goumoëns"
"75622245551",5551,"Bonvillars"
"75622245552",5552,"Bullet"
"75622245553",5553,"Champagne"
"75622245554",5554,"Concise"
"75622245555",5555,"Corcelles-près-Concise"
"75622245556",5556,"Fiez"
"75622245557",5557,"Fontaines-sur-Grandson"
"75622245559",5559,"Giez"
"75622245560",5560,"Grandevent"
"75622245561",5561,"Grandson"
"75622245562",5562,"Mauborget"
"75622245563",5563,"Mutrux"
"75622245564",5564,"Novalles"
"75622245565",5565,"Onnens (VD)"
"75622245566",5566,"Provence"
"75622245568",5568,"Sainte-Croix"
"75622245571",5571,"Tévenon"
"75622265581",5581,"Belmont-sur-Lausanne"
"75622255582",5582,"Cheseaux-sur-Lausanne"
"75622295583",5583,"Crissier"
"75622255584",5584,"Epalinges"
"75622255585",5585,"Jouxtens-Mézery"
"75622255586",5586,"Lausanne"
"75622255587",5587,"Le Mont-sur-Lausanne"
"75622265588",5588,"Paudex"
"75622295589",5589,"Prilly"
"75622265590",5590,"Pully"
"75622295591",5591,"Renens (VD)"
"75622255592",5592,"Romanel-sur-Lausanne"
"75622265601",5601,"Chexbres"
"75622265604",5604,"Forel (Lavaux)"
"75622265606",5606,"Lutry"
"75622265607",5607,"Puidoux"
"75622265609",5609,"Rivaz"
"75622265610",5610,"Saint-Saphorin (Lavaux)"
"75622265611",5611,"Savigny"
"75622265613",5613,"Bourg-en-Lavaux"
"75622275621",5621,"Aclens"
"75622275622",5622,"Bremblens"
"75622275623",5623,"Buchillon"
"75622295624",5624,"Bussigny-près-Lausanne"
"75622275625",5625,"Bussy-Chardonney"
"75622295627",5627,"Chavannes-près-Renens"
"75622275628",5628,"Chigny"
"75622275629",5629,"Clarmont"
"75622275631",5631,"Denens"
"75622275632",5632,"Denges"
"75622275633",5633,"Echandens"
"75622275634",5634,"Echichens"
"75622295635",5635,"Ecublens (VD)"
"75622275636",5636,"Etoy"
"75622275637",5637,"Lavigny"
"75622275638",5638,"Lonay"
"75622275639",5639,"Lully (VD)"
"75622275640",5640,"Lussy-sur-Morges"
"75622275642",5642,"Morges"
"75622275643",5643,"Préverenges"
"75622275644",5644,"Reverolle"
"75622275645",5645,"Romanel-sur-Morges"
"75622275646",5646,"Saint-Prex"
"75622295648",5648,"Saint-Sulpice (VD)"
"75622275649",5649,"Tolochenaz"
"75622275650",5650,"Vaux-sur-Morges"
"75622295651",5651,"Villars-Sainte-Croix"
"75622275652",5652,"Villars-sous-Yens"
"75622275653",5653,"Vufflens-le-Château"
"75622275654",5654,"Vullierens"
"75622275655",5655,"Yens"
"75622235661",5661,"Boulens"
"75622225662",5662,"Brenles"
"75622225663",5663,"Bussy-sur-Moudon"
"75622225665",5665,"Chavannes-sur-Moudon"
"75622225666",5666,"Chesalles-sur-Moudon"
"75622225668",5668,"Cremin"
"75622225669",5669,"Curtilles"
"75622225671",5671,"Dompierre (VD)"
"75622225672",5672,"Forel-sur-Lucens"
"75622225673",5673,"Hermenches"
"75622225674",5674,"Lovatens"
"75622225675",5675,"Lucens"
"75622225678",5678,"Moudon"
"75622235680",5680,"Ogens"
"75622225683",5683,"Prévonloup"
"75622225684",5684,"Rossenges"
"75622225686",5686,"Sarzens"
"75622225688",5688,"Syens"
"75622225690",5690,"Villars-le-Comte"
"75622225692",5692,"Vucherens"
"75622235693",5693,"Montanaire"
"75622285701",5701,"Arnex-sur-Nyon"
"75622285702",5702,"Arzier"
"75622285703",5703,"Bassins"
"75622285704",5704,"Begnins"
"75622285705",5705,"Bogis-Bossey"
"75622285706",5706,"Borex"
"75622285707",5707,"Chavannes-de-Bogis"
"75622285708",5708,"Chavannes-des-Bois"
"75622285709",5709,"Chéserex"
"75622285710",5710,"Coinsins"
"75622285711",5711,"Commugny"
"75622285712",5712,"Coppet"
"75622285713",5713,"Crans-près-Céligny"
"75622285714",5714,"Crassier"
"75622285715",5715,"Duillier"
"75622285716",5716,"Eysins"
"75622285717",5717,"Founex"
"75622285718",5718,"Genolier"
"75622285719",5719,"Gingins"
"75622285720",5720,"Givrins"
"75622285721",5721,"Gland"
"75622285722",5722,"Grens"
"75622285723",5723,"Mies"
"75622285724",5724,"Nyon"
"75622285725",5725,"Prangins"
"75622285726",5726,"La Rippe"
"75622285727",5727,"Saint-Cergue"
"75622285728",5728,"Signy-Avenex"
"75622285729",5729,"Tannay"
"75622285730",5730,"Trélex"
"75622285731",5731,"Le Vaud"
"75622285732",5732,"Vich"
"75622245741",5741,"L'Abergement"
"75622245742",5742,"Agiez"
"75622245743",5743,"Arnex-sur-Orbe"
"75622245744",5744,"Ballaigues"
"75622245745",5745,"Baulmes"
"75622245746",5746,"Bavois"
"75622245747",5747,"Bofflens"
"75622245748",5748,"Bretonnières"
"75622245749",5749,"Chavornay"
"75622245750",5750,"Les Clées"
"75622245751",5751,"Corcelles-sur-Chavornay"
"75622245752",5752,"Croy"
"75622245754",5754,"Juriens"
"75622245755",5755,"Lignerolle"
"75622245756",5756,"Montcherand"
"75622245757",5757,"Orbe"
"75622245758",5758,"La Praz"
"75622245759",5759,"Premier"
"75622245760",5760,"Rances"
"75622245761",5761,"Romainmôtier-Envy"
"75622245762",5762,"Sergey"
"75622245763",5763,"Valeyres-sous-Rances"
"75622245764",5764,"Vallorbe"
"75622245765",5765,"Vaulion"
"75622245766",5766,"Vuiteboeuf"
"75622225782",5782,"Carrouge (VD)"
"75622225785",5785,"Corcelles-le-Jorat"
"75622265788",5788,"Essertes"
"75622265789",5789,"Ferlens (VD)"
"75622265790",5790,"Maracon"
"75622265791",5791,"Mézières (VD)"
"75622265792",5792,"Montpreveyres"
"75622225798",5798,"Ropraz"
"75622265799",5799,"Servion"
"75622225803",5803,"Vulliens"
"75622235804",5804,"Jorat-Menthue"
"75622265805",5805,"Oron"
"75622225812",5812,"Champtauroz"
"75622225813",5813,"Chevroux"
"75622225816",5816,"Corcelles-près-Payerne"
"75622225817",5817,"Grandcour"
"75622225819",5819,"Henniez"
"75622225821",5821,"Missy"
"75622225822",5822,"Payerne"
"75622225827",5827,"Trey"
"75622225828",5828,"Treytorrens (Payerne)"
"75622225830",5830,"Villarzel"
"75622225831",5831,"Valbroye"
"75622305841",5841,"Château-d'Oex"
"75622305842",5842,"Rossinière"
"75622305843",5843,"Rougemont"
"75622275851",5851,"Allaman"
"75622285852",5852,"Bursinel"
"75622285853",5853,"Bursins"
"75622285854",5854,"Burtigny"
"75622285855",5855,"Dully"
"75622285856",5856,"Essertines-sur-Rolle"
"75622285857",5857,"Gilly"
"75622285858",5858,"Luins"
"75622285859",5859,"Mont-sur-Rolle"
"75622285860",5860,"Perroy"
"75622285861",5861,"Rolle"
"75622285862",5862,"Tartegnin"
"75622285863",5863,"Vinzel"
"75622245871",5871,"L'Abbaye"
"75622245872",5872,"Le Chenit"
"75622245873",5873,"Le Lieu"
"75622305881",5881,"Blonay"
"75622305882",5882,"Chardonne"
"75622305883",5883,"Corseaux"
"75622305884",5884,"Corsier-sur-Vevey"
"75622305885",5885,"Jongny"
"75622305886",5886,"Montreux"
"75622305888",5888,"Saint-Légier-La Chiésaz"
"75622305889",5889,"La Tour-de-Peilz"
"75622305890",5890,"Vevey"
"75622305891",5891,"Veytaux"
"75622245902",5902,"Belmont-sur-Yverdon"
"75622245903",5903,"Bioley-Magnoux"
"75622245904",5904,"Chamblon"
"75622245905",5905,"Champvent"
"75622245907",5907,"Chavannes-le-Chêne"
"75622245908",5908,"Chêne-Pâquier"
"75622245909",5909,"Cheseaux-Noréaz"
"75622245910",5910,"Cronay"
"75622245911",5911,"Cuarny"
"75622245912",5912,"Démoret"
"75622245913",5913,"Donneloye"
"75622245914",5914,"Ependes (VD)"
"75622245915",5915,"Essert-Pittet"
"75622245919",5919,"Mathod"
"75622245921",5921,"Molondin"
"75622245922",5922,"Montagny-près-Yverdon"
"75622235923",5923,"Oppens"
"75622245924",5924,"Orges"
"75622245925",5925,"Orzens"
"75622245926",5926,"Pomy"
"75622245928",5928,"Rovray"
"75622245929",5929,"Suchy"
"75622245930",5930,"Suscévaz"
"75622245931",5931,"Treycovagnes"
"75622245932",5932,"Ursins"
"75622245933",5933,"Valeyres-sous-Montagny"
"75622245934",5934,"Valeyres-sous-Ursins"
"75622245935",5935,"Villars-Epeney"
"75622245937",5937,"Vugelles-La Mothe"
"75622245938",5938,"Yverdon-les-Bains"
"75622245939",5939,"Yvonand"
"75623016002",6002,"Brig-Glis"
"75623016004",6004,"Eggerberg"
"75623016007",6007,"Naters"
"75623016008",6008,"Ried-Brig"
"75623016009",6009,"Simplon"
"75623016010",6010,"Termen"
"75623016011",6011,"Zwischbergen"
"75623026021",6021,"Ardon"
"75623026022",6022,"Chamoson"
"75623026023",6023,"Conthey"
"75623026024",6024,"Nendaz"
"75623026025",6025,"Vétroz"
"75623036031",6031,"Bagnes"
"75623036032",6032,"Bourg-Saint-Pierre"
"75623036033",6033,"Liddes"
"75623036034",6034,"Orsières"
"75623036035",6035,"Sembrancher"
"75623036036",6036,"Vollèges"
"75623046052",6052,"Bellwald"
"75623046054",6054,"Binn"
"75623046055",6055,"Blitzingen"
"75623046056",6056,"Ernen"
"75623046057",6057,"Fiesch"
"75623046058",6058,"Fieschertal"
"75623046061",6061,"Lax"
"75623046064",6064,"Niederwald"
"75623046073",6073,"Grafschaft"
"75623046074",6074,"Münster-Geschinen"
"75623046075",6075,"Reckingen-Gluringen"
"75623046076",6076,"Obergoms"
"75623056081",6081,"Les Agettes"
"75623056082",6082,"Ayent"
"75623056083",6083,"Evolène"
"75623056084",6084,"Hérémence"
"75623056087",6087,"Saint-Martin (VS)"
"75623056089",6089,"Vex"
"75623056090",6090,"Mont-Noble"
"75623066101",6101,"Agarn"
"75623066102",6102,"Albinen"
"75623066104",6104,"Ergisch"
"75623066109",6109,"Inden"
"75623066110",6110,"Leuk"
"75623066111",6111,"Leukerbad"
"75623066112",6112,"Oberems"
"75623066113",6113,"Salgesch"
"75623066116",6116,"Varen"
"75623066117",6117,"Guttet-Feschel"
"75623066118",6118,"Gampel-Bratsch"
"75623066119",6119,"Turtmann-Unterems"
"75623076131",6131,"Bovernier"
"75623076132",6132,"Charrat"
"75623076133",6133,"Fully"
"75623076134",6134,"Isérables"
"75623076135",6135,"Leytron"
"75623076136",6136,"Martigny"
"75623076137",6137,"Martigny-Combe"
"75623076139",6139,"Riddes"
"75623076140",6140,"Saillon"
"75623076141",6141,"Saxon"
"75623076142",6142,"Trient"
"75623086151",6151,"Champéry"
"75623086152",6152,"Collombey-Muraz"
"75623086153",6153,"Monthey"
"75623086154",6154,"Port-Valais"
"75623086155",6155,"Saint-Gingolph"
"75623086156",6156,"Troistorrents"
"75623086157",6157,"Val-d'Illiez"
"75623086158",6158,"Vionnaz"
"75623086159",6159,"Vouvry"
"75623096172",6172,"Bister"
"75623096173",6173,"Bitsch"
"75623096177",6177,"Grengiols"
"75623096181",6181,"Riederalp"
"75623096191",6191,"Ausserberg"
"75623096192",6192,"Blatten"
"75623096193",6193,"Bürchen"
"75623096194",6194,"Eischoll"
"75623096195",6195,"Ferden"
"75623096197",6197,"Kippel"
"75623096198",6198,"Niedergesteln"
"75623096199",6199,"Raron"
"75623096201",6201,"Unterbäch"
"75623096202",6202,"Wiler (Lötschen)"
"75623096203",6203,"Mörel-Filet"
"75623096204",6204,"Steg-Hohtenn"
"75623096205",6205,"Bettmeralp"
"75623106211",6211,"Collonges"
"75623106212",6212,"Dorénaz"
"75623106213",6213,"Evionnaz"
"75623106214",6214,"Finhaut"
"75623106215",6215,"Massongex"
"75623106217",6217,"Saint-Maurice"
"75623106218",6218,"Salvan"
"75623106219",6219,"Vernayaz"
"75623106220",6220,"Vérossaz"
"75623116232",6232,"Chalais"
"75623116234",6234,"Chermignon"
"75623116235",6235,"Chippis"
"75623116238",6238,"Grône"
"75623116239",6239,"Icogne"
"75623116240",6240,"Lens"
"75623116241",6241,"Miège"
"75623116242",6242,"Mollens (VS)"
"75623116243",6243,"Montana"
"75623116244",6244,"Randogne"
"75623116246",6246,"Saint-Léonard"
"75623116248",6248,"Sierre"
"75623116249",6249,"Venthône"
"75623116250",6250,"Veyras"
"75623116252",6252,"Anniviers"
"75623126261",6261,"Arbaz"
"75623126263",6263,"Grimisuat"
"75623126265",6265,"Savièse"
"75623126266",6266,"Sion"
"75623126267",6267,"Veysonnaz"
"75623136281",6281,"Baltschieder"
"75623136282",6282,"Eisten"
"75623136283",6283,"Embd"
"75623136285",6285,"Grächen"
"75623136286",6286,"Lalden"
"75623136287",6287,"Randa"
"75623136288",6288,"Saas-Almagell"
"75623136289",6289,"Saas-Balen"
"75623136290",6290,"Saas-Fee"
"75623136291",6291,"Saas-Grund"
"75623136292",6292,"St. Niklaus"
"75623136293",6293,"Stalden (VS)"
"75623136294",6294,"Staldenried"
"75623136295",6295,"Täsch"
"75623136296",6296,"Törbel"
"75623136297",6297,"Visp"
"75623136298",6298,"Visperterminen"
"75623136299",6299,"Zeneggen"
"75623136300",6300,"Zermatt"
"75623046391",6391,"Kommunanz Reckingen-Gluringen/Grafschaft"
"75624016402",6402,"Bevaix"
"75624016404",6404,"Boudry"
"75624016405",6405,"Brot-Dessous"
"75624016407",6407,"Corcelles-Cormondrèche"
"75624016408",6408,"Cortaillod"
"75624016409",6409,"Fresens"
"75624016410",6410,"Gorgier"
"75624016411",6411,"Montalchez"
"75624016412",6412,"Peseux"
"75624016413",6413,"Rochefort"
"75624016414",6414,"Saint-Aubin-Sauges"
"75624016415",6415,"Vaumarcus"
"75624016416",6416,"Milvignes"
"75624026421",6421,"La Chaux-de-Fonds"
"75624026422",6422,"Les Planchettes"
"75624026423",6423,"La Sagne"
"75624036431",6431,"Les Brenets"
"75624036432",6432,"La Brévine"
"75624036433",6433,"Brot-Plamboz"
"75624036434",6434,"Le Cerneux-Péquignot"
"75624036435",6435,"La Chaux-du-Milieu"
"75624036436",6436,"Le Locle"
"75624036437",6437,"Les Ponts-de-Martel"
"75624046451",6451,"Cornaux"
"75624046452",6452,"Cressier (NE)"
"75624046453",6453,"Enges"
"75624046454",6454,"Hauterive (NE)"
"75624046455",6455,"Le Landeron"
"75624046456",6456,"Lignières"
"75624046458",6458,"Neuchâtel"
"75624046459",6459,"Saint-Blaise"
"75624046461",6461,"La Tène"
"75624056485",6485,"Valangin"
"75624056487",6487,"Val-de-Ruz"
"75624066504",6504,"La Côte-aux-Fées"
"75624066511",6511,"Les Verrières"
"75624066512",6512,"Val-de-Travers"
"75625006601",6601,"Aire-la-Ville"
"75625006602",6602,"Anières"
"75625006603",6603,"Avully"
"75625006604",6604,"Avusy"
"75625006605",6605,"Bardonnex"
"75625006606",6606,"Bellevue"
"75625006607",6607,"Bernex"
"75625006608",6608,"Carouge (GE)"
"75625006609",6609,"Cartigny"
"75625006610",6610,"Céligny"
"75625006611",6611,"Chancy"
"75625006612",6612,"Chêne-Bougeries"
"75625006613",6613,"Chêne-Bourg"
"75625006614",6614,"Choulex"
"75625006615",6615,"Collex-Bossy"
"75625006616",6616,"Collonge-Bellerive"
"75625006617",6617,"Cologny"
"75625006618",6618,"Confignon"
"75625006619",6619,"Corsier (GE)"
"75625006620",6620,"Dardagny"
"75625006621",6621,"Genève"
"75625006622",6622,"Genthod"
"75625006623",6623,"Le Grand-Saconnex"
"75625006624",6624,"Gy"
"75625006625",6625,"Hermance"
"75625006626",6626,"Jussy"
"75625006627",6627,"Laconnex"
"75625006628",6628,"Lancy"
"75625006629",6629,"Meinier"
"75625006630",6630,"Meyrin"
"75625006631",6631,"Onex"
"75625006632",6632,"Perly-Certoux"
"75625006633",6633,"Plan-les-Ouates"
"75625006634",6634,"Pregny-Chambésy"
"75625006635",6635,"Presinge"
"75625006636",6636,"Puplinge"
"75625006637",6637,"Russin"
"75625006638",6638,"Satigny"
"75625006639",6639,"Soral"
"75625006640",6640,"Thônex"
"75625006641",6641,"Troinex"
"75625006642",6642,"Vandoeuvres"
"75625006643",6643,"Vernier"
"75625006644",6644,"Versoix"
"75625006645",6645,"Veyrier"
"75626016702",6702,"Boécourt"
"75626016703",6703,"Bourrignon"
"75626016704",6704,"Châtillon (JU)"
"75626016705",6705,"Corban"
"75626016706",6706,"Courchapoix"
"75626016708",6708,"Courrendlin"
"75626016709",6709,"Courroux"
"75626016710",6710,"Courtételle"
"75626016711",6711,"Delémont"
"75626016712",6712,"Develier"
"75626016713",6713,"Ederswiler"
"75626016715",6715,"Mervelier"
"75626016716",6716,"Mettembert"
"75626016718",6718,"Movelier"
"75626016719",6719,"Pleigne"
"75626016720",6720,"Rebeuvelier"
"75626016721",6721,"Rossemaison"
"75626016722",6722,"Saulcy"
"75626016724",6724,"Soyhières"
"75626016728",6728,"Vellerat"
"75626016729",6729,"Haute-Sorne"
"75626016730",6730,"Val Terbi"
"75626026741",6741,"Le Bémont (JU)"
"75626026742",6742,"Les Bois"
"75626026743",6743,"Les Breuleux"
"75626026744",6744,"La Chaux-des-Breuleux"
"75626026745",6745,"Les Enfers"
"75626026748",6748,"Les Genevez (JU)"
"75626026750",6750,"Lajoux (JU)"
"75626026751",6751,"Montfaucon"
"75626026753",6753,"Muriaux"
"75626026754",6754,"Le Noirmont"
"75626026757",6757,"Saignelégier"
"75626026758",6758,"Saint-Brais"
"75626026759",6759,"Soubey"
"75626036771",6771,"Alle"
"75626036773",6773,"Beurnevésin"
"75626036774",6774,"Boncourt"
"75626036775",6775,"Bonfol"
"75626036778",6778,"Bure"
"75626036781",6781,"Coeuve"
"75626036782",6782,"Cornol"
"75626036783",6783,"Courchavon"
"75626036784",6784,"Courgenay"
"75626036785",6785,"Courtedoux"
"75626036787",6787,"Damphreux"
"75626036789",6789,"Fahy"
"75626036790",6790,"Fontenais"
"75626036792",6792,"Grandfontaine"
"75626036793",6793,"Lugnez"
"75626036800",6800,"Porrentruy"
"75626036803",6803,"Rocourt"
"75626036806",6806,"Vendlincourt"
"75626036807",6807,"Basse-Allaine"
"75626036808",6808,"Clos du Doubs"
"75626036809",6809,"Haute-Ajoie"
"75626036810",6810,"La Baroche"
"75603009030",9030,"LU-Ausland-CH"
"75604009040",9040,"UR-Ausland-CH"
"75610009100",9100,"FR-CH de l'étranger"
"75612009120",9120,"BS-Ausland-CH"
"75616009160",9160,"AI-Ausland-CH"
"75617009170",9170,"SG-Ausland-CH"
"75619009190",9190,"AG-Ausland-CH"
"75620009200",9200,"TG-Ausland-CH"
"75622009220",9220,"VD-CH de l'étranger"
"75623009230",9230,"VS-CH de l'étranger"
"75625009250",9250,"GE-CH de l'étranger"
