"id","municipality_name","yes2010","yes2014","yes2016"
75601010001,"Aeugst am Albis",47.1,48.6,36.2
75601010002,"Affoltern am Albis",54.2,51.5,38.1
75601010003,"Bonstetten",49.8,50.1,35
75601010004,"Hausen am Albis",50.7,47.3,36.3
75601010005,"Hedingen",49.3,45.9,32.5
75601010006,"Kappel am Albis",59,58.2,47.4
75601010007,"Knonau",52.9,52.8,36.3
75601010008,"Maschwanden",56.3,53.3,43.7
75601010009,"Mettmenstetten",51.1,50.8,37.9
75601010010,"Obfelden",57.1,56,42.2
75601010011,"Ottenbach",50.5,50.7,37
75601010012,"Rifferswil",45.7,45.8,32.3
75601010013,"Stallikon",56.7,54.3,40.9
75601010014,"Wettswil am Albis",51.4,47.6,34.7
75601020021,"Adlikon",71.5,72.1,64.9
75601020022,"Benken (ZH)",63,60.2,53
75601020023,"Berg am Irchel",64.7,64.3,47.8
75601020024,"Buch am Irchel",66.1,64,50.8
75601020025,"Dachsen",52.7,52,34.9
75601020026,"Dorf",75.4,70,53.5
75601020027,"Feuerthalen",57.1,57.6,37.5
75601020028,"Flaach",75.4,66.7,54.1
75601020029,"Flurlingen",42.6,48.2,33.5
75601020030,"Andelfingen",52.8,51.1,38.5
75601020031,"Henggart",61.6,55.9,42.6
75601020032,"Humlikon",67.6,62.2,51.1
75601020033,"Kleinandelfingen",60.8,59.4,45.4
75601020034,"Laufen-Uhwiesen",57.3,57,47.3
75601020035,"Marthalen",67.1,64.1,52.6
75601020036,"Oberstammheim",53.9,55.7,42.6
75601020037,"Ossingen",58.4,57.6,45.7
75601020038,"Rheinau",48,48,35.2
75601020039,"Thalheim an der Thur",71.4,68.5,60.4
75601020040,"Trüllikon",67.8,65.6,54.2
75601020041,"Truttikon",63.7,64.3,56
75601020042,"Unterstammheim",56.5,51.3,41.6
75601020043,"Volken",71.2,57.5,55.8
75601020044,"Waltalingen",63.2,63.5,46.4
75601030051,"Bachenbülach",58.8,55,42.7
75601030052,"Bassersdorf",57.1,55.9,40.9
75601030053,"Bülach",58.5,55.8,40.4
75601030054,"Dietlikon",54.9,52.8,38.2
75601030055,"Eglisau",55.5,52.5,39.1
75601030056,"Embrach",61.4,59.6,48.4
75601030057,"Freienstein-Teufen",58,54.9,42
75601030058,"Glattfelden",63.8,60.1,49.6
75601030059,"Hochfelden",68.2,65.3,50
75601030060,"Höri",76.1,69.1,57
75601030061,"Hüntwangen",60,60.2,45.6
75601030062,"Kloten",63.6,59.3,48
75601030063,"Lufingen",64.4,60.8,49.5
75601030064,"Nürensdorf",63.8,59.5,49.5
75601030065,"Oberembrach",68.5,65.7,55.5
75601030066,"Opfikon",62.1,58.2,42.5
75601030067,"Rafz",61.1,55.4,44.2
75601030068,"Rorbas",61,57.4,45.3
75601030069,"Wallisellen",56.3,50.3,37.3
75601030070,"Wasterkingen",69.4,62.8,52.6
75601030071,"Wil (ZH)",61.4,61.6,52.9
75601030072,"Winkel",63.1,58.1,48.6
75601040081,"Bachs",69.8,68.8,63.1
75601040082,"Boppelsen",58.2,55.2,42
75601040083,"Buchs (ZH)",65.4,59.7,48
75601040084,"Dällikon",67.6,62.8,50.3
75601040085,"Dänikon",67.4,63.4,47.1
75601040086,"Dielsdorf",63.2,58.4,46.5
75601040087,"Hüttikon",71,71.9,51.7
75601040088,"Neerach",65.6,59.8,53.5
75601040089,"Niederglatt",69.6,65.7,52.4
75601040090,"Niederhasli",65.9,62.3,48.5
75601040091,"Niederweningen",57.2,52,41.8
75601040092,"Oberglatt",67.1,62.3,48.9
75601040093,"Oberweningen",61.6,60.5,46.5
75601040094,"Otelfingen",58.1,53.6,41.9
75601040095,"Regensberg",46.2,46.5,36.4
75601040096,"Regensdorf",65.1,62.1,48.7
75601040097,"Rümlang",68,66.1,52
75601040098,"Schleinikon",59.8,58.4,46.8
75601040099,"Schöfflisdorf",65.4,59,48.2
75601040100,"Stadel",65.2,64.3,58.8
75601040101,"Steinmaur",61.4,58.8,48.6
75601040102,"Weiach",71.7,67.4,62.3
75601050111,"Bäretswil",64.7,62.1,50.1
75601050112,"Bubikon",59.9,57.2,44.7
75601050113,"Dürnten",64.3,60.2,47.2
75601050114,"Fischenthal",74,70.9,61.1
75601050115,"Gossau (ZH)",62.8,58.1,46.7
75601050116,"Grüningen",59.7,56.6,45.6
75601050117,"Hinwil",67.5,60.3,49.6
75601050118,"Rüti (ZH)",56.7,54.4,43.3
75601050119,"Seegräben",49.8,48.8,37.6
75601050120,"Wald (ZH)",59.4,56.7,44.8
75601050121,"Wetzikon (ZH)",58.7,55.6,41.4
75601060131,"Adliswil",52.4,49.3,36.1
75601060132,"Hirzel",52.8,48,41.1
75601060133,"Horgen",54.2,47.1,35.7
75601060134,"Hütten",66.3,61.9,54.8
75601060135,"Kilchberg (ZH)",45.2,41.7,29.8
75601060136,"Langnau am Albis",52.7,48.8,36.1
75601060137,"Oberrieden",45.7,41.7,32.4
75601060138,"Richterswil",54.8,48.8,37.8
75601060139,"Rüschlikon",47.4,42.4,31.2
75601060140,"Schönenberg (ZH)",64.2,57.9,51.7
75601060141,"Thalwil",46,42.3,30.3
75601060142,"Wädenswil",52.5,47.7,35.8
75601070151,"Erlenbach (ZH)",46.8,38.6,30
75601070152,"Herrliberg",53.1,46.4,36.2
75601070153,"Hombrechtikon",62.2,54.9,43.5
75601070154,"Küsnacht (ZH)",48.4,42.6,33.1
75601070155,"Männedorf",46.8,43.3,31
75601070156,"Meilen",48.9,45,32.2
75601070157,"Oetwil am See",63.2,58.9,47.9
75601070158,"Stäfa",48.4,43.1,31.9
75601070159,"Uetikon am See",52.5,44.8,34.6
75601070160,"Zumikon",46.3,40,31.7
75601070161,"Zollikon",42.7,37.4,27.4
75601080172,"Fehraltorf",60.3,53.9,42.8
75601080173,"Hittnau",62.6,59.5,48.2
75601080176,"Lindau",62.2,58.9,45.5
75601080177,"Pfäffikon",56.9,52.7,38.8
75601080178,"Russikon",62,57.1,46.3
75601080180,"Weisslingen",63.7,57.4,47.1
75601080181,"Wila",71.1,70.2,57.3
75601080182,"Wildberg",63.7,60.5,51.4
75601090191,"Dübendorf",58.2,53.9,41.8
75601090192,"Egg",54.9,50.8,38.5
75601090193,"Fällanden",49,46.7,35.1
75601090194,"Greifensee",45.7,44.8,31.4
75601090195,"Maur",51.8,48.2,37.2
75601090196,"Mönchaltorf",53.1,51.8,39.6
75601090197,"Schwerzenbach",53.6,49.7,37.6
75601090198,"Uster",50.4,45.6,33.2
75601090199,"Volketswil",64.8,59.2,45.4
75601090200,"Wangen-Brüttisellen",60.9,57.6,44.2
75601100211,"Altikon",68.5,59.9,53.2
75601100213,"Brütten",56.1,53,39.8
75601100214,"Dägerlen",58.7,56.3,46.5
75601100215,"Dättlikon",54.4,49.2,39.4
75601100216,"Dinhard",63.5,57.1,49.3
75601100217,"Elgg",58.6,56.4,40.7
75601100218,"Ellikon an der Thur",69.6,60.2,54.8
75601100219,"Elsau",59,55.1,42.9
75601100220,"Hagenbuch",78,70.7,63
75601100221,"Hettlingen",57.2,52,39.4
75601100222,"Hofstetten (ZH)",71.9,72.7,62.8
75601100223,"Neftenbach",60.4,55.1,41.4
75601100224,"Pfungen",64.7,58,41.5
75601100225,"Rickenbach (ZH)",62.9,55,46
75601100226,"Schlatt (ZH)",69.7,61.2,49.9
75601100227,"Seuzach",61.3,56.7,43.7
75601100228,"Turbenthal",64.2,64.5,49.9
75601100230,"Winterthur",44.9,41.3,28.4
75601100231,"Zell (ZH)",62.7,59.3,45.7
75601110241,"Aesch (ZH)",55.8,51.8,39.9
75601110242,"Birmensdorf (ZH)",55.6,51.8,37.5
75601110243,"Dietikon",58.2,54.9,40.8
75601110244,"Geroldswil",62.2,59.9,45.6
75601110245,"Oberengstringen",55.9,51.7,39.1
75601110246,"Oetwil an der Limmat",58.4,56.3,47.6
75601110247,"Schlieren",57.1,53.2,36.1
75601110248,"Uitikon",51.6,46.7,33.7
75601110249,"Unterengstringen",62.6,58.7,43
75601110250,"Urdorf",56.6,54.4,40.1
75601110251,"Weiningen (ZH)",63,59.6,46.9
75601120261,"Zürich",35.5,33.4,22.6
75602410431,"Corgémont",62.7,57,49.3
75602410432,"Cormoret",47.7,47.2,33.5
75602410433,"Cortébert",59.7,61.8,46.1
75602410434,"Courtelary",57.6,51.9,44.8
75602410435,"La Ferrière",49.6,51.4,34.8
75602410437,"Mont-Tramelan",58.8,60.4,38.7
75602410438,"Orvin",61.2,56,43.7
75602410441,"Renan (BE)",53.4,33.4,43.3
75602410442,"Romont (BE)",71.1,63.8,53.5
75602410443,"Saint-Imier",50.6,47.7,38.8
75602410444,"Sonceboz-Sombeval",59.9,53.9,46.5
75602410445,"Sonvilier",51.6,54.2,46
75602410446,"Tramelan",48.4,49.2,39.9
75602410448,"Villeret",51.4,50.6,42
75602410681,"Belprahon",53.8,50.4,50.3
75602410683,"Champoz",81.8,58.8,64.5
75602410687,"Corcelles (BE)",72.6,68.9,64
75602410690,"Court",64.1,58.6,56.5
75602410691,"Crémines",57.9,51.6,50
75602410692,"Eschert",65,57.8,51.9
75602410694,"Grandval",57.4,60.8,57.2
75602410696,"Loveresse",56.9,62.4,54.7
75602410700,"Moutier",46.5,46.7,40
75602410701,"Perrefitte",70,66.8,53.6
75602410703,"Reconvilier",60,57.4,51.4
75602410704,"Roches (BE)",73.3,68.9,68.1
75602410706,"Saicourt",66.1,64.1,55.1
75602410707,"Saules (BE)",85,70.7,69.2
75602410708,"Schelten",66.7,44.4,57.1
75602410709,"Seehof",78.9,78.1,66.7
75602410711,"Sorvilier",54.2,48.2,45.5
75602410713,"Tavannes",54.3,50.8,44.1
75602410715,"Rebévelier",71.4,65.4,55
75602410723,"La Neuveville",38.6,37.2,29.7
75602410724,"Nods",52.3,46.2,49.6
75602420371,"Biel/Bienne",47.4,44,31.2
75602420372,"Evilard",43.7,36.6,27.8
75602420387,"Lengnau (BE)",65.5,64,47.6
75602420390,"Meinisberg",65.6,64.3,49.3
75602420392,"Pieterlen",66.9,66.6,50.5
75602420731,"Aegerten",66.9,59,49.7
75602420732,"Bellmund",58.2,50.7,38.3
75602420733,"Brügg",62.5,58.1,41.9
75602420739,"Ipsach",57.2,49.9,38.4
75602420740,"Ligerz",43.7,40.5,29.3
75602420742,"Mörigen",69,59.5,49.6
75602420743,"Nidau",52.7,47.3,32.8
75602420744,"Orpund",70.5,61.1,49
75602420745,"Port",61,55.3,43.1
75602420746,"Safnern",65.5,60.4,50.4
75602420747,"Scheuren",71.7,63.2,50.2
75602420748,"Schwadernau",67.6,60,53.1
75602420750,"Sutz-Lattrigen",62.1,53.7,40.8
75602420756,"Twann-Tüscherz",50.9,47.7,36.1
75602430301,"Aarberg",57.9,53,46
75602430302,"Bargen (BE)",63.2,57.9,43.2
75602430303,"Grossaffoltern",53.7,53.9,44
75602430304,"Kallnach",71.1,63.4,50.7
75602430305,"Kappelen",69.8,64,52
75602430306,"Lyss",57.4,52.2,39.3
75602430309,"Radelfingen",59.3,57.9,46
75602430310,"Rapperswil (BE)",58.9,58,48.6
75602430311,"Schüpfen",52.4,48.9,39.8
75602430312,"Seedorf (BE)",61.7,61.2,51
75602430381,"Arch",72.9,68.8,58
75602430382,"Büetigen",73,67.1,56
75602430383,"Büren an der Aare",63.1,56.7,43.9
75602430385,"Diessbach bei Büren",64,60.9,51.7
75602430386,"Dotzigen",63.2,62.1,49.8
75602430388,"Leuzigen",66.7,69.4,51.3
75602430389,"Meienried",NA,NA,NA
75602430391,"Oberwil bei Büren",62,61.4,52.6
75602430393,"Rüti bei Büren",64.2,63.8,52.4
75602430394,"Wengi",69.5,65.3,55.2
75602430491,"Brüttelen",67.9,62,58.9
75602430492,"Erlach",46.9,43.2,35
75602430493,"Finsterhennen",61.8,64.1,55.3
75602430494,"Gals",59.5,51.5,42.1
75602430495,"Gampelen",66.1,53.8,49.4
75602430496,"Ins",56,51.2,40.3
75602430497,"Lüscherz",70,65.4,55.5
75602430498,"Müntschemier",72,66.1,54.5
75602430499,"Siselen",62.6,59.4,48
75602430500,"Treiten",68.5,59.8,60
75602430501,"Tschugg",41.5,44.1,33.2
75602430502,"Vinelz",58.7,50.4,39
75602430734,"Bühl",71.2,64.4,56.4
75602430735,"Epsach",67.1,66.9,54.7
75602430736,"Hagneck",65.7,64.4,48.4
75602430737,"Hermrigen",81.8,71.2,61.1
75602430738,"Jens",60.7,52.3,44.6
75602430741,"Merzligen",53.1,51.9,39.3
75602430749,"Studen (BE)",72.1,60.5,47.6
75602430751,"Täuffelen",62,55.7,45.9
75602430754,"Walperswil",70.3,62.1,52.5
75602430755,"Worben",62.4,70.2,50.8
75602440321,"Aarwangen",62,58.5,48
75602440322,"Auswil",73.4,74.1,65.7
75602440323,"Bannwil",67.8,63.7,57.7
75602440324,"Bleienbach",69.6,72.5,57.1
75602440325,"Busswil bei Melchnau",77.5,71.8,61.3
75602440326,"Gondiswil",76.5,72,60.2
75602440329,"Langenthal",52.3,47.3,36.1
75602440331,"Lotzwil",61.5,58.6,42.1
75602440332,"Madiswil",66.1,62.5,49.3
75602440333,"Melchnau",67.4,58.4,52.5
75602440334,"Obersteckholz",70.4,67.2,57.6
75602440335,"Oeschenbach",73.2,71.7,61.7
75602440336,"Reisiswil",71.4,80,62.5
75602440337,"Roggwil (BE)",59.5,58.5,47.8
75602440338,"Rohrbach",72.3,70.1,58
75602440339,"Rohrbachgraben",71.4,76.3,64.6
75602440340,"Rütschelen",70.7,70.2,53.8
75602440341,"Schwarzhäusern",68.9,64.1,58.3
75602440342,"Thunstetten",69,65.8,54.7
75602440344,"Ursenbach",68,67.6,55.8
75602440345,"Wynau",71,66.1,53.5
75602440953,"Eriswil",68.5,67.2,57.3
75602440954,"Huttwil",64,60.7,48.3
75602440959,"Walterswil (BE)",75,78.7,63.8
75602440960,"Wyssachen",79.1,76.1,62
75602440971,"Attiswil",69.5,65.4,54.1
75602440972,"Berken",83.3,88.5,71.4
75602440973,"Bettenhausen",69.3,67.9,57
75602440975,"Farnern",69.1,69.1,57.9
75602440976,"Graben",77,74,58.9
75602440977,"Heimenhausen",69.6,66.3,54.9
75602440979,"Herzogenbuchsee",52.2,48.4,36.9
75602440980,"Inkwil",70.7,64.9,57.1
75602440981,"Niederbipp",70.7,67.2,55.9
75602440982,"Niederönz",62.1,56.9,44.1
75602440983,"Oberbipp",69.1,60.2,56.5
75602440985,"Ochlenberg",70.5,65.7,48.2
75602440987,"Rumisberg",74.9,70.9,61.9
75602440988,"Seeberg",60,61.9,50.6
75602440989,"Thörigen",70.9,68.9,57.4
75602440990,"Walliswil bei Niederbipp",70.9,65.1,54.3
75602440991,"Walliswil bei Wangen",70.5,66.4,55.5
75602440992,"Wangen an der Aare",61.4,60.8,48.2
75602440993,"Wangenried",73.5,67.4,51.2
75602440995,"Wiedlisbach",67.4,64,51.6
75602440996,"Wolfisberg",61.9,65.9,57.1
75602450401,"Aefligen",63.6,69.6,55.6
75602450402,"Alchenstorf",69,67.5,54.9
75602450404,"Burgdorf",44.8,40.2,29.2
75602450405,"Ersigen",60.5,65.1,48.2
75602450406,"Hasle bei Burgdorf",64.9,62.3,49.8
75602450407,"Heimiswil",63.8,64.6,53.9
75602450408,"Hellsau",NA,NA,NA
75602450409,"Hindelbank",59.1,55.7,44.6
75602450410,"Höchstetten",66.1,71,58.9
75602450411,"Kernenried",67.1,66.5,57
75602450412,"Kirchberg (BE)",57.4,49.9,41.3
75602450413,"Koppigen",62.1,58.2,46
75602450414,"Krauchthal",64.7,64.7,54.2
75602450415,"Lyssach",67.1,58.9,51.2
75602450416,"Mötschwil",67,70.5,48.2
75602450418,"Oberburg",64.6,62.3,50.6
75602450420,"Rüdtligen-Alchenflüh",67.1,63.8,48.5
75602450421,"Rumendingen",86.7,61.7,50
75602450422,"Rüti bei Lyssach",NA,NA,NA
75602450423,"Willadingen",69.6,70.8,49.1
75602450424,"Wynigen",64.2,60.4,50.9
75602450533,"Bätterkinden",52.7,49.7,36.2
75602450552,"Utzenstorf",58.9,54.6,44.4
75602450554,"Wiler bei Utzenstorf",57.4,54.3,46.6
75602450556,"Zielebach",75.4,70.4,57.1
75602450901,"Eggiwil",77.9,77.4,71.7
75602450902,"Langnau im Emmental",53.3,53.3,41.2
75602450903,"Lauperswil",71.1,69.9,61.8
75602450904,"Röthenbach im Emmental",84.8,82.7,75
75602450905,"Rüderswil",68.3,67.7,59.2
75602450906,"Schangnau",84.9,84.3,78.5
75602450907,"Signau",64.1,70.6,58.9
75602450908,"Trub",77.2,73.5,67.1
75602450909,"Trubschachen",57.1,57.7,51.1
75602450951,"Affoltern im Emmental",67.1,69.6,57.2
75602450952,"Dürrenroth",75.7,75,59.1
75602450955,"Lützelflüh",63,64.7,54
75602450956,"Rüegsau",63.3,63.5,51.9
75602450957,"Sumiswald",64.7,62.6,49.5
75602450958,"Trachselwald",70.6,70.5,60.7
75602460307,"Meikirch",46.3,45.6,33.1
75602460351,"Bern",30.1,27.7,17.3
75602460352,"Bolligen",42.3,42.9,30.5
75602460353,"Bremgarten bei Bern",37.8,35.6,24.7
75602460354,"Kirchlindach",43.2,41.6,32.4
75602460355,"Köniz",42.5,40.6,28.5
75602460356,"Muri bei Bern",40.6,40.1,27.6
75602460357,"Oberbalm",70.6,67.9,59.1
75602460358,"Stettlen",45.9,44.8,34.8
75602460359,"Vechigen",48.9,48.9,39.4
75602460360,"Wohlen bei Bern",42.9,40.2,30.4
75602460361,"Zollikofen",49.3,47.2,34.3
75602460362,"Ittigen",48.6,46.3,33.4
75602460363,"Ostermundigen",51.7,48,34.1
75602460403,"Bäriswil",58.2,56.4,47.5
75602460535,"Deisswil bei Münchenbuchsee",NA,NA,NA
75602460536,"Diemerswil",52.5,50.6,44.5
75602460538,"Fraubrunnen",45.9,51.1,39.6
75602460540,"Jegenstorf",45.9,46.4,35.3
75602460541,"Iffwil",56,58,48.1
75602460543,"Mattstetten",56.2,56.2,44.8
75602460544,"Moosseedorf",56.2,51.7,41.7
75602460546,"Münchenbuchsee",50.9,44.9,34.3
75602460551,"Urtenen-Schönbühl",57,53.1,41.6
75602460553,"Wiggiswil",64.4,64.1,50
75602460557,"Zuzwil (BE)",55.6,50.3,38.1
75602460602,"Arni (BE)",73.4,68.4,61.3
75602460603,"Biglen",55.4,53.8,43.2
75602460605,"Bowil",69.9,68.5,58.7
75602460606,"Brenzikofen",67.3,73.3,60.4
75602460607,"Freimettigen",60.4,66.8,48.6
75602460608,"Grosshöchstetten",51.2,51,38.5
75602460609,"Häutligen",79.6,80.2,65.6
75602460610,"Herbligen",68.2,68.2,57.6
75602460611,"Kiesen",59.8,55.5,48.5
75602460612,"Konolfingen",58.8,53.8,44
75602460613,"Landiswil",73.9,76.1,65.1
75602460614,"Linden",78.2,75.6,69.6
75602460615,"Mirchel",73.1,73.8,58.6
75602460616,"Münsingen",45.3,46,33.7
75602460617,"Niederhünigen",47.9,53.7,43.3
75602460619,"Oberdiessbach",60.9,61.4,50.2
75602460620,"Oberthal",65.1,72.8,60
75602460622,"Oppligen",58.8,59.3,51.9
75602460623,"Rubigen",46.7,46.2,35.3
75602460624,"Schlosswil",55.8,56.7,46
75602460625,"Tägertschi",63.9,62.5,48.6
75602460626,"Walkringen",64.5,66.1,55.5
75602460627,"Worb",49,48,36.4
75602460628,"Zäziwil",59.4,60.6,47
75602460629,"Oberhünigen",75.6,72.8,62.9
75602460630,"Allmendingen",54.4,50.4,49
75602460632,"Wichtrach",57.5,55,43.9
75602460661,"Clavaleyres",NA,NA,NA
75602460662,"Ferenbalm",66.3,62.1,55.4
75602460663,"Frauenkappelen",54.6,52.6,36.9
75602460664,"Golaten",73.5,73.9,62.2
75602460665,"Gurbrü",74.3,69.6,52.8
75602460666,"Kriechenwil",68.4,63.1,49
75602460667,"Laupen",48.6,45.6,35
75602460668,"Mühleberg",59.7,57.5,46.3
75602460669,"Münchenwiler",56.1,60.7,49.8
75602460670,"Neuenegg",60,58.1,48.8
75602460671,"Wileroltigen",73.8,67.6,59.6
75602460852,"Guggisberg",73.8,74.6,60.9
75602460853,"Rüschegg",62.5,67,57.2
75602460861,"Belp",57.1,54.4,43.8
75602460865,"Gelterfingen",73.1,74.6,64.6
75602460866,"Gerzensee",58.3,59.6,44.9
75602460868,"Jaberg",NA,NA,NA
75602460869,"Kaufdorf",47.6,46.5,38.4
75602460870,"Kehrsatz",47.8,43.5,32.9
75602460872,"Kirchdorf (BE)",61.6,58,49.4
75602460873,"Kirchenthurnen",63.2,74.2,55.6
75602460874,"Lohnstorf",57.6,61.1,47.3
75602460875,"Mühledorf (BE)",59.1,53.3,42.1
75602460876,"Mühlethurnen",48.8,44.1,36.7
75602460877,"Niedermuhlern",NA,NA,NA
75602460878,"Noflen",NA,NA,NA
75602460879,"Riggisberg",64.8,63.8,56
75602460880,"Rüeggisberg",66.8,68,58.9
75602460881,"Rümligen",67.2,62.2,51.1
75602460884,"Toffen",57.3,56.4,42.2
75602460888,"Wald (BE)",58.7,58,44.8
75602470767,"Reutigen",68.8,67.1,57.6
75602470863,"Burgistein",70.6,65.3,55.8
75602470867,"Gurzelen",70.8,66,57.4
75602470883,"Seftigen",61.2,61.5,49.6
75602470885,"Uttigen",61.4,58.6,47.5
75602470886,"Wattenwil",63.8,65,55.2
75602470921,"Amsoldingen",68.2,64.2,54
75602470922,"Blumenstein",71.2,67.5,59
75602470923,"Buchholterberg",76,76.7,69.6
75602470924,"Eriz",86.2,81.4,80.2
75602470925,"Fahrni",73.6,71.9,62.3
75602470927,"Heiligenschwendi",61.9,59.5,54.7
75602470928,"Heimberg",64.3,62.7,51.3
75602470929,"Hilterfingen",48.1,46.7,36.1
75602470931,"Homberg",75.3,76.3,70.3
75602470932,"Horrenbach-Buchen",90.2,93.6,90.2
75602470934,"Oberhofen am Thunersee",50,52.5,39.5
75602470935,"Oberlangenegg",86.8,82.7,75.7
75602470936,"Pohlern",77.1,80,67.8
75602470937,"Schwendibach",77.8,70.7,59.7
75602470938,"Sigriswil",70.2,70,61
75602470939,"Steffisburg",56.7,54.1,44.5
75602470940,"Teuffenthal (BE)",83.3,84.8,73.6
75602470941,"Thierachern",64.7,63.7,55
75602470942,"Thun",53.1,51.6,40.5
75602470943,"Uebeschi",66.7,76.2,67.2
75602470944,"Uetendorf",67.4,61.7,55.5
75602470945,"Unterlangenegg",76.8,72.8,68.1
75602470946,"Wachseldorn",82.8,74.5,76.2
75602470947,"Zwieselberg",60,60.5,54.3
75602470948,"Forst-Längenbühl",77.2,66.5,61.6
75602480791,"Boltigen",72.9,76,67.9
75602480792,"Lenk",68.1,67.7,60.3
75602480793,"St. Stephan",81.2,79,74
75602480794,"Zweisimmen",68.8,63.4,51.6
75602480841,"Gsteig",70.8,68.8,55.7
75602480842,"Lauenen",76.6,72.8,58.7
75602480843,"Saanen",61.3,61.3,48.6
75602490561,"Adelboden",75.9,71.8,63.5
75602490562,"Aeschi bei Spiez",66.7,60.9,54
75602490563,"Frutigen",73.4,69.2,58.8
75602490564,"Kandergrund",84.5,74.8,69.1
75602490565,"Kandersteg",60.6,54.4,47.4
75602490566,"Krattigen",58.3,59.7,40.9
75602490567,"Reichenbach im Kandertal",75.7,71.3,66.6
75602490761,"Därstetten",86.4,78.7,68.3
75602490762,"Diemtigen",81.3,79.2,73.2
75602490763,"Erlenbach im Simmental",70.3,69.5,61.6
75602490766,"Oberwil im Simmental",79,79.8,69.7
75602490768,"Spiez",54.6,52.1,42.6
75602490769,"Wimmis",72.5,64.6,59.9
75602500571,"Beatenberg",67.4,60.7,54.9
75602500572,"Bönigen",63,57.8,49.5
75602500573,"Brienz (BE)",60.5,59.8,53.1
75602500574,"Brienzwiler",73.6,72.3,60.3
75602500575,"Därligen",62.1,59.5,51.7
75602500576,"Grindelwald",73.4,68.1,63.3
75602500577,"Gsteigwiler",63.8,56.4,45.7
75602500578,"Gündlischwand",75.8,75,65.6
75602500579,"Habkern",76.6,80.6,70.4
75602500580,"Hofstetten bei Brienz",74.2,63.2,51
75602500581,"Interlaken",55.6,52.7,40.4
75602500582,"Iseltwald",73.3,64.1,60.8
75602500584,"Lauterbrunnen",59.9,57.5,47.7
75602500585,"Leissigen",57.5,61.6,52.8
75602500586,"Lütschental",75,80.2,70.4
75602500587,"Matten bei Interlaken",62.1,58.4,44.5
75602500588,"Niederried bei Interlaken",59.5,60.8,51
75602500589,"Oberried am Brienzersee",65.9,57,51.6
75602500590,"Ringgenberg (BE)",67.4,60.7,50.8
75602500591,"Saxeten",68.6,73.5,69.8
75602500592,"Schwanden bei Brienz",58.7,46.3,45
75602500593,"Unterseen",59.7,54,42.6
75602500594,"Wilderswil",68.5,62.6,51.3
75602500782,"Guttannen",61.5,64.5,48.5
75602500783,"Hasliberg",60.8,61.3,55.9
75602500784,"Innertkirchen",80.3,71,59.4
75602500785,"Meiringen",61.4,54.9,45.7
75602500786,"Schattenhalb",67.8,66,59.3
75603009030,"LU-Ausland-CH",42.1,32.2,35.2
75604001201,"Altdorf (UR)",49.3,46.2,40
75604001202,"Andermatt",59,50.6,47.2
75604001203,"Attinghausen",66.8,63.9,56.9
75604001204,"Bauen",62.9,64.4,51.5
75604001205,"Bürglen (UR)",65.7,63.7,54.4
75604001206,"Erstfeld",61.8,59.8,51.9
75604001207,"Flüelen",60.9,57.6,52.5
75604001208,"Göschenen",73,65.6,58.5
75604001209,"Gurtnellen",66.5,62.2,58.6
75604001210,"Hospental",63.9,50,52.9
75604001211,"Isenthal",57.9,54.8,51.3
75604001212,"Realp",57.6,47.3,41.9
75604001213,"Schattdorf",65.5,61.3,53.4
75604001214,"Seedorf (UR)",63.5,63.5,54.2
75604001215,"Seelisberg",54.9,63,52.9
75604001216,"Silenen",70.6,67.7,62.6
75604001217,"Sisikon",67.3,65,52.6
75604001218,"Spiringen",76.9,78.6,77.4
75604001219,"Unterschächen",83.8,84.9,76.1
75604001220,"Wassen",75.6,69.5,63
75604009040,"UR-Ausland-CH",45.9,34.3,42.8
75605011301,"Einsiedeln",65.8,63.9,53
75605021311,"Gersau",61.9,57.5,46.9
75605031321,"Feusisberg",66.9,60.2,54.6
75605031322,"Freienbach",63.3,58.1,49.8
75605031323,"Wollerau",61.1,56.4,50.4
75605041331,"Küssnacht (SZ)",60.3,55.7,46
75605051341,"Altendorf",61.8,64.1,53.1
75605051342,"Galgenen",71.5,68.3,57.5
75605051343,"Innerthal",73.7,76.5,64.5
75605051344,"Lachen",56.2,56.8,45.2
75605051345,"Reichenburg",71.9,70.9,62.7
75605051346,"Schübelbach",72.3,69.3,58.8
75605051347,"Tuggen",74,72.3,62.5
75605051348,"Vorderthal",87.8,85.4,81.2
75605051349,"Wangen (SZ)",70.3,66.4,55.5
75605061361,"Alpthal",87.9,86.4,81.1
75605061362,"Arth",65.7,60.7,50.7
75605061363,"Illgau",78.7,78.4,58.9
75605061364,"Ingenbohl",59.4,56.1,47.3
75605061365,"Lauerz",77.4,70.4,62.3
75605061366,"Morschach",65.5,64.4,62.6
75605061367,"Muotathal",83.6,77.9,75.8
75605061368,"Oberiberg",76.3,67.3,64.3
75605061369,"Riemenstalden",84,71.1,71.4
75605061370,"Rothenthurm",84.1,78.4,72.6
75605061371,"Sattel",73.8,70.1,64.2
75605061372,"Schwyz",63.3,60,49.5
75605061373,"Steinen",68.3,65.1,57.5
75605061374,"Steinerberg",75.5,75.5,65.6
75605061375,"Unteriberg",89.8,87.7,81.3
75606001401,"Alpnach",62.3,60,52.7
75606001402,"Engelberg",59.2,57.6,50.9
75606001403,"Giswil",62.5,61.6,58.6
75606001404,"Kerns",66.4,65.9,60
75606001405,"Lungern",59.3,59.5,50.4
75606001406,"Sachseln",56.6,55.1,48.7
75606001407,"Sarnen",57.6,56.3,49.1
75607001501,"Beckenried",65.2,64,54
75607001502,"Buochs",60.7,58.8,49.6
75607001503,"Dallenwil",65.9,67.7,58.6
75607001504,"Emmetten",71.1,69.5,66.1
75607001505,"Ennetbürgen",58,55.4,50.6
75607001506,"Ennetmoos",67.7,66.3,60.1
75607001507,"Hergiswil (NW)",61.1,57.8,49.6
75607001508,"Oberdorf (NW)",65.1,62.9,51.7
75607001509,"Stans",50.9,49.9,41.5
75607001510,"Stansstad",61,59.3,51.7
75607001511,"Wolfenschiessen",70.7,67.7,57.2
75609001701,"Baar",55.9,50.6,43
75609001702,"Cham",55.6,49.7,41.6
75609001703,"Hünenberg",51.1,46,40
75609001704,"Menzingen",57.6,55.1,47.3
75609001705,"Neuheim",62.3,57.7,53.4
75609001706,"Oberägeri",64.7,59.8,54
75609001707,"Risch",61.6,56.4,47.7
75609001708,"Steinhausen",51.8,47.3,38.6
75609001709,"Unterägeri",63.5,56.7,50.5
75609001710,"Walchwil",61.6,57.5,51
75609001711,"Zug",48.1,43.1,35.8
75610012004,"Bussy (FR)",64.8,56.5,56
75610012005,"Châbles",52.3,52.7,43.9
75610012008,"Châtillon (FR)",37.9,45,43.2
75610012009,"Cheiry",63.7,68,52.9
75610012010,"Cheyres",46.4,50,44.6
75610012011,"Cugy (FR)",53.6,56,49.2
75610012015,"Estavayer-le-Lac",50.9,47,42
75610012016,"Fétigny",54,54.9,47.8
75610012022,"Gletterens",59.5,61,52.3
75610012025,"Lully (FR)",61.4,62.6,50.1
75610012027,"Ménières",66.7,59.2,51.5
75610012029,"Montagny (FR)",53.1,53,49.6
75610012033,"Morens (FR)",81.8,76.7,57.3
75610012034,"Murist",57.7,50.2,46.2
75610012035,"Nuvilly",60.6,57.6,56.7
75610012038,"Prévondavaux",62.5,56.3,66.7
75610012039,"Rueyres-les-Prés",59.8,56.3,44.9
75610012041,"Saint-Aubin (FR)",52.3,50.2,46.7
75610012043,"Sévaz",58.5,50,52.2
75610012044,"Surpierre",68.2,70.4,56.8
75610012045,"Vallon",55.6,53.8,41.2
75610012047,"Villeneuve (FR)",59.8,51,52.2
75610012049,"Vuissens",54.4,61.2,58.3
75610012050,"Les Montets",62.8,61.2,57.5
75610012051,"Delley-Portalban",58.3,57.8,51.6
75610012052,"Vernay",58.2,53.6,46.3
75610022061,"Auboranges",68.1,60.9,54.7
75610022063,"Billens-Hennens",57.9,55.9,48.6
75610022066,"Chapelle (Glâne)",54.9,50.5,50.4
75610022067,"Le Châtelard",68.7,59.2,60.4
75610022068,"Châtonnaye",40.1,48.6,40.7
75610022072,"Ecublens (FR)",53.1,52,50.6
75610022079,"Grangettes",76.4,57,64.6
75610022086,"Massonnens",50,56.2,51.3
75610022087,"Mézières (FR)",46.2,62.9,45.5
75610022089,"Montet (Glâne)",57.4,60.6,47.1
75610022096,"Romont (FR)",47.4,45.7,39.9
75610022097,"Rue",51.9,51.9,45.8
75610022099,"Siviriez",51.7,56.7,48.6
75610022102,"Ursy",53.2,55.1,52
75610022111,"Villaz-Saint-Pierre",42.7,47.2,51.1
75610022113,"Vuisternens-devant-Romont",58.7,60.3,54
75610022114,"Villorsonnens",64.4,65,55.1
75610022115,"Torny",52,52.1,46.7
75610022116,"La Folliaz",45.5,45.8,42.2
75610032121,"Haut-Intyamon",53,49.2,44.3
75610032122,"Pont-en-Ogoz",44.5,51.3,42.5
75610032123,"Botterens",65.1,60.6,53.3
75610032124,"Broc",48.7,50.8,42.1
75610032125,"Bulle",45.4,47.3,37.8
75610032128,"Châtel-sur-Montsalvens",54.7,51,45.8
75610032129,"Corbières",61.3,55.4,45
75610032130,"Crésuz",52.5,53.6,48.9
75610032131,"Echarlens",43.7,42.4,41
75610032134,"Grandvillard",49,54,40.1
75610032135,"Gruyères",47.6,45.3,39.2
75610032137,"Hauteville",51.6,52.6,46.9
75610032138,"Jaun",77.4,76.6,70.7
75610032140,"Marsens",43.6,49.9,36.2
75610032143,"Morlon",48.1,49.8,48.3
75610032145,"Le Pâquier (FR)",44.7,47.5,41.1
75610032147,"Pont-la-Ville",50.3,55.1,55.1
75610032148,"Riaz",51.4,52.2,40.4
75610032149,"La Roche",60.6,61.9,56.8
75610032152,"Sâles",48.7,51.4,42.2
75610032153,"Sorens",56.7,53.8,48.6
75610032155,"Vaulruz",54.2,54.6,43.5
75610032160,"Vuadens",53.9,54.9,47
75610032162,"Bas-Intyamon",51,54.8,45.2
75610042171,"Arconciel",35.8,41.1,36.2
75610042173,"Autigny",47.5,48.6,41.4
75610042174,"Avry",39.9,40.2,36.4
75610042175,"Belfaux",42.3,41,38
75610042177,"Chénens",52.7,51.1,47.6
75610042179,"Chésopelloz",46.2,54.3,38.9
75610042183,"Corminboeuf",35.1,37.8,32.6
75610042185,"Corserey",52,51.7,47
75610042186,"Cottens (FR)",48.2,45.8,39.3
75610042189,"Ependes (FR)",48.3,47.1,38.4
75610042194,"Ferpicloz",56.3,50,48.4
75610042196,"Fribourg",33.8,34.4,24.5
75610042197,"Givisiez",41.2,42.6,36.9
75610042198,"Granges-Paccot",46,45.6,37.2
75610042200,"Grolley",44.6,53.6,44.8
75610042206,"Marly",42.5,42.1,31.7
75610042208,"Matran",39.6,41.9,33.8
75610042211,"Neyruz (FR)",37.2,39.3,31.4
75610042213,"Noréaz",49.7,40.4,38.1
75610042216,"Pierrafortscha",40.6,51.7,38
75610042217,"Ponthaux",42.4,49.4,40.3
75610042220,"Le Mouret",56,57.5,48.6
75610042221,"Prez-vers-Noréaz",44.8,48.4,43.2
75610042225,"Senèdes",48.3,52.8,44
75610042226,"Treyvaux",48.3,47.6,46
75610042228,"Villars-sur-Glâne",34.7,34.3,26.4
75610042230,"Villarsel-sur-Marly",25.8,26.7,27
75610042233,"Hauterive (FR)",44.2,43,40.3
75610042234,"La Brillaz",43.6,42.4,38.8
75610042235,"La Sonnaz",41.5,47,38.7
75610052243,"Barberêche",45.9,45,42.8
75610052250,"Courgevaux",54.7,48.3,37.5
75610052254,"Courtepin",48.3,51.9,45
75610052257,"Cressier (FR)",43.4,39.3,37
75610052258,"Fräschels",60.5,55.9,48.2
75610052259,"Galmiz",64.7,58.7,50.8
75610052260,"Gempenach",70.8,60.2,62.9
75610052261,"Greng",64.7,59.3,43.9
75610052262,"Gurmels",59.3,56.8,46.7
75610052265,"Kerzers",56.4,50.3,42.4
75610052266,"Kleinbösingen",66.1,59.1,50.7
75610052271,"Meyriez",49.3,43.1,37.3
75610052272,"Misery-Courtion",51.9,58.1,45.8
75610052274,"Muntelier",42.2,39,24.3
75610052275,"Murten",45.5,45.5,35.1
75610052276,"Ried bei Kerzers",65.6,55.8,49.6
75610052278,"Ulmiz",69,63.8,57.7
75610052279,"Villarepos",53.5,60.7,49.8
75610052283,"Wallenried",64.9,55.8,46
75610062291,"Alterswil",60.4,62.7,47.9
75610062292,"Brünisried",71.6,66,57.2
75610062293,"Düdingen",53.4,51.3,39.6
75610062294,"Giffers",66,65.8,55.2
75610062295,"Bösingen",54.6,52.7,38.5
75610062296,"Heitenried",52.7,56.2,44.9
75610062298,"Oberschrot",61.7,60.7,54.5
75610062299,"Plaffeien",73.4,69,61.7
75610062300,"Plasselb",78.5,78.4,68.4
75610062301,"Rechthalten",65.5,62.2,56.3
75610062302,"St. Antoni",58.2,61,49.8
75610062303,"St. Silvester",71.8,71.4,66.5
75610062304,"St. Ursen",49.5,52.3,46.2
75610062305,"Schmitten (FR)",51.6,50.2,38.4
75610062306,"Tafers",47.6,48.7,38.5
75610062307,"Tentlingen",57.8,63.8,48.4
75610062308,"Ueberstorf",60,58.6,51.2
75610062309,"Wünnewil-Flamatt",54.3,53.6,39.3
75610062310,"Zumholz",63.2,62.4,60.6
75610072321,"Attalens",44.7,41.2,39.8
75610072323,"Bossonnens",44.7,46.4,40.8
75610072325,"Châtel-Saint-Denis",54.8,49.8,43.8
75610072328,"Granges (Veveyse)",40,41.4,38.5
75610072333,"Remaufens",46.4,49.6,39.9
75610072335,"Saint-Martin (FR)",45.3,48.7,37
75610072336,"Semsales",56.2,56.7,58
75610072337,"Le Flon",51.2,51.5,50.5
75610072338,"La Verrerie",48.7,53.1,50.6
75611012401,"Egerkingen",66.7,60.3,52.9
75611012402,"Härkingen",63.5,63.4,56.2
75611012403,"Kestenholz",57.3,51.5,44.7
75611012404,"Neuendorf",69.3,61.6,52.1
75611012405,"Niederbuchsiten",71.1,69,61.8
75611012406,"Oberbuchsiten",66.3,60.4,51.5
75611012407,"Oensingen",66.9,62.8,49.9
75611012408,"Wolfwil",62.5,58.8,49.8
75611022421,"Aedermannsdorf",59.8,61.8,50.5
75611022422,"Balsthal",62.6,62.6,48.2
75611022423,"Gänsbrunnen",68.8,75,56.9
75611022424,"Herbetswil",68.1,62.8,52.9
75611022425,"Holderbank (SO)",74,66.4,57.5
75611022426,"Laupersdorf",69.2,66.5,52.8
75611022427,"Matzendorf",71.2,68.2,59.5
75611022428,"Mümliswil-Ramiswil",73.3,70.5,61
75611022429,"Welschenrohr",67.4,61.5,49.4
75611032445,"Biezwil",69.9,54.2,50
75611032455,"Lüterkofen-Ichertswil",52.9,51.7,40.8
75611032456,"Lüterswil-Gächliwil",60.5,59,47.2
75611032457,"Messen",63.4,60.2,48
75611032461,"Schnottwil",56,54.8,51.3
75611032463,"Unterramsern",54.6,52,44.9
75611042471,"Bättwil",55.8,54.4,39
75611042472,"Büren (SO)",62,52.3,49.6
75611042473,"Dornach",42,42.1,32
75611042474,"Gempen",49.2,52.2,41.2
75611042475,"Hochwald",53.8,46.5,40.4
75611042476,"Hofstetten-Flüh",51.7,47.4,42.4
75611042477,"Metzerlen-Mariastein",60.1,56.4,48.2
75611042478,"Nuglar-St. Pantaleon",59.1,55.7,44.7
75611042479,"Rodersdorf",45,39,33.6
75611042480,"Seewen",62.8,58.5,49.8
75611042481,"Witterswil",51.3,50.8,41.4
75611052491,"Hauenstein-Ifenthal",48,48.7,42
75611052492,"Kienberg",65.2,66.9,51
75611052493,"Lostorf",58.1,54.8,45.2
75611052495,"Niedergösgen",66.3,61,49.2
75611052497,"Obergösgen",59.6,59,49.2
75611052498,"Rohr (SO)",65.7,55.8,52.9
75611052499,"Stüsslingen",61,58,46.4
75611052500,"Trimbach",56.7,52.8,41.7
75611052501,"Winznau",57.1,56.6,44.1
75611052502,"Wisen (SO)",48.9,40.9,36
75611052503,"Erlinsbach (SO)",53.8,55.3,40.1
75611062511,"Aeschi (SO)",57.4,56.2,45
75611062513,"Biberist",56.3,51,40
75611062514,"Bolken",62.5,55.6,44.3
75611062516,"Deitingen",61.7,54.1,43.4
75611062517,"Derendingen",60.6,58.8,44.6
75611062518,"Etziken",65.5,63.1,56.1
75611062519,"Gerlafingen",63.7,63.3,44.7
75611062520,"Halten",57.9,56.2,41.3
75611062523,"Horriwil",61.8,63.1,47.6
75611062524,"Hüniken",46.8,46.3,47.4
75611062525,"Kriegstetten",61.5,58.8,49.9
75611062526,"Lohn-Ammannsegg",51.7,47.1,39.8
75611062527,"Luterbach",62.1,56.1,44.7
75611062528,"Obergerlafingen",66.8,65.2,53.5
75611062529,"Oekingen",64.8,55.1,44.1
75611062530,"Recherswil",64,62.5,50.6
75611062532,"Subingen",63.6,61.6,45.7
75611062534,"Zuchwil",58.9,51.7,39.2
75611072541,"Balm bei Günsberg",63.5,62,59.8
75611072542,"Bellach",63.5,59.6,46.8
75611072543,"Bettlach",65.2,61.9,50.1
75611072544,"Feldbrunnen-St. Niklaus",47.2,41.5,31.4
75611072545,"Flumenthal",65.4,67.6,50.3
75611072546,"Grenchen",66.2,61.4,48.3
75611072547,"Günsberg",62.1,63.4,52.3
75611072548,"Hubersdorf",58.1,53.1,37.8
75611072549,"Kammersrohr",59.1,47.1,26.1
75611072550,"Langendorf",49,46.2,31.6
75611072551,"Lommiswil",56.3,50.5,41.1
75611072553,"Oberdorf (SO)",50.5,43.9,35.6
75611072554,"Riedholz",51.5,53.9,40.7
75611072555,"Rüttenen",51.4,50.3,35.9
75611072556,"Selzach",66.5,64.1,50.9
75611082571,"Boningen",70.6,63.6,56.1
75611082572,"Däniken",65.8,65.2,52.3
75611082573,"Dulliken",63.9,57.1,46.7
75611082574,"Eppenberg-Wöschnau",61.4,69.2,55.4
75611082575,"Fulenbach",56.6,59.8,48.5
75611082576,"Gretzenbach",59.1,56,48.4
75611082578,"Gunzgen",69.1,61.9,58.6
75611082579,"Hägendorf",65.5,59.1,48.3
75611082580,"Kappel (SO)",61.6,54.8,43.5
75611082581,"Olten",47.3,41.6,28.9
75611082582,"Rickenbach (SO)",66.6,56.2,51.8
75611082583,"Schönenwerd",57.4,57.3,40.1
75611082584,"Starrkirch-Wil",47.6,43.1,30.1
75611082585,"Walterswil (SO)",71.2,69.7,60.1
75611082586,"Wangen bei Olten",55.4,51.2,38.1
75611092601,"Solothurn",37.3,34.5,23.7
75611102611,"Bärschwil",74.7,65.3,51.5
75611102612,"Beinwil (SO)",53.4,62.5,48.5
75611102613,"Breitenbach",64.6,64.9,48.6
75611102614,"Büsserach",67.3,64.7,51.7
75611102615,"Erschwil",65.1,64.7,51.5
75611102616,"Fehren",72.1,65.4,53.4
75611102617,"Grindel",73.9,69,60.5
75611102618,"Himmelried",55,53.8,45
75611102619,"Kleinlützel",58.9,59,49.7
75611102620,"Meltingen",64.4,66.8,45.4
75611102621,"Nunningen",65.9,61.1,55.5
75611102622,"Zullwil",68,67.2,58.1
75612002701,"Basel",42.9,38.7,28.7
75612002702,"Bettingen",47.4,42.2,35.8
75612002703,"Riehen",48.1,44.1,37.2
75612009120,"BS-Ausland-CH",36.8,28.4,29.8
75613012761,"Aesch (BL)",54.6,49.8,41.8
75613012762,"Allschwil",52,49.9,38.6
75613012763,"Arlesheim",40.3,36.5,27.7
75613012764,"Biel-Benken",49.3,47.4,39.6
75613012765,"Binningen",47,43.3,33.6
75613012766,"Birsfelden",54.3,54.4,39.4
75613012767,"Bottmingen",44.8,43.3,34.9
75613012768,"Ettingen",52,50.7,41.8
75613012769,"Münchenstein",49.4,47.4,35.6
75613012770,"Muttenz",51.5,50.4,38.1
75613012771,"Oberwil (BL)",46.8,44.8,35
75613012772,"Pfeffingen",55.3,50.9,44.6
75613012773,"Reinach (BL)",53.7,50,41.5
75613012774,"Schönenbuch",55.2,49.1,41.3
75613012775,"Therwil",50.3,48.7,38.9
75613022781,"Blauen",60.3,55.6,51.3
75613022782,"Brislach",74.1,67.5,60.9
75613022783,"Burg im Leimental",51.9,59.3,44.7
75613022784,"Dittingen",61.3,56.7,47
75613022785,"Duggingen",55.5,54.7,45.3
75613022786,"Grellingen",55.4,60.4,44.7
75613022787,"Laufen",54.1,50.3,41
75613022788,"Liesberg",66.6,70.8,61.3
75613022789,"Nenzlingen",69.2,67.3,61.7
75613022790,"Roggenburg",76.7,69.2,66.9
75613022791,"Röschenz",63.6,64.7,52
75613022792,"Wahlen",70.6,65.3,59.2
75613022793,"Zwingen",61.9,60.3,45.3
75613032821,"Arisdorf",68.4,58.2,51.4
75613032822,"Augst",56,56.7,48.3
75613032823,"Bubendorf",55.5,46.3,40.2
75613032824,"Frenkendorf",55.2,52.9,41.4
75613032825,"Füllinsdorf",56,53.4,42.4
75613032826,"Giebenach",64.2,66.3,58.7
75613032827,"Hersberg",58.9,67.2,49.4
75613032828,"Lausen",60,53.2,44.3
75613032829,"Liestal",47.8,44.4,31.9
75613032830,"Lupsingen",54.3,46.9,40
75613032831,"Pratteln",53.5,51.3,40.7
75613032832,"Ramlinsburg",50.4,45.7,37.2
75613032833,"Seltisberg",52.9,48,38.2
75613032834,"Ziefen",53.1,48,37.9
75613042841,"Anwil",64.7,57.4,46.6
75613042842,"Böckten",59,58.3,46.2
75613042843,"Buckten",58.3,59.4,44.8
75613042844,"Buus",70.6,64.5,54.5
75613042845,"Diepflingen",66.7,63.5,54.2
75613042846,"Gelterkinden",52.1,48.4,36.6
75613042847,"Häfelfingen",65.5,67.2,46.1
75613042848,"Hemmiken",67,66.7,60.4
75613042849,"Itingen",58.1,55.8,42.9
75613042850,"Känerkinden",58.4,54.9,49
75613042851,"Kilchberg (BL)",61.9,56,35.7
75613042852,"Läufelfingen",66.1,60.9,44.9
75613042853,"Maisprach",52.5,54.1,43
75613042854,"Nusshof",58.3,50,44.5
75613042855,"Oltingen",47.4,51.9,39.2
75613042856,"Ormalingen",61.1,55.6,45.8
75613042857,"Rickenbach (BL)",59.1,59.8,43.9
75613042858,"Rothenfluh",62.9,54.7,44.1
75613042859,"Rümlingen",68.2,64.3,60.4
75613042860,"Rünenberg",56.4,57.8,43.8
75613042861,"Sissach",52.3,47.8,35.3
75613042862,"Tecknau",67.9,61.1,48.3
75613042863,"Tenniken",56.3,51.7,41.1
75613042864,"Thürnen",71.2,65.3,51
75613042865,"Wenslingen",62,59.2,41.6
75613042866,"Wintersingen",62.8,58.8,48.2
75613042867,"Wittinsburg",66.7,63.1,44.4
75613042868,"Zeglingen",54.3,52.5,41.4
75613042869,"Zunzgen",63.2,58.8,48.2
75613052881,"Arboldswil",62,61.7,55.2
75613052882,"Bennwil",69.8,64.5,58.2
75613052883,"Bretzwil",78,72.5,60.7
75613052884,"Diegten",71,65.7,53.9
75613052885,"Eptingen",67.6,66.5,55.2
75613052886,"Hölstein",56.8,51.7,40.5
75613052887,"Lampenberg",62.7,56.6,47.7
75613052888,"Langenbruck",58,56.9,46
75613052889,"Lauwil",58.5,51.3,52.1
75613052890,"Liedertswil",78.8,75.6,63.6
75613052891,"Niederdorf",64.8,62.9,50.2
75613052892,"Oberdorf (BL)",62.6,59,43.7
75613052893,"Reigoldswil",59.2,60,40.8
75613052894,"Titterten",56.8,49.5,42.3
75613052895,"Waldenburg",61.3,62.5,57.1
75614012901,"Gächlingen",59.2,63.1,54.8
75614012903,"Löhningen",62.1,63,49.5
75614012904,"Neunkirch",56.1,56.8,45.2
75614022914,"Büttenhardt",59.7,65.3,52.6
75614022915,"Dörflingen",60.9,74.3,54.8
75614022917,"Lohn (SH)",66.3,71.9,56.5
75614022919,"Stetten (SH)",55.8,53.1,43.1
75614022920,"Thayngen",64.3,66.3,54.3
75614032931,"Bargen (SH)",75.2,79.7,65.4
75614032932,"Beringen",60.4,63.1,50.8
75614032933,"Buchberg",61.8,60.5,50.5
75614032936,"Merishausen",70.4,69.4,55.5
75614032937,"Neuhausen am Rheinfall",59.4,60.3,44.9
75614032938,"Rüdlingen",58.2,60.7,50.3
75614032939,"Schaffhausen",50,51.2,37.9
75614042951,"Beggingen",68.5,76.4,67.2
75614042952,"Schleitheim",63.3,66.5,53.5
75614042953,"Siblingen",58,60.9,46.6
75614052961,"Buch (SH)",65.2,72.7,65.6
75614052962,"Hemishofen",62.2,69.6,51.7
75614052963,"Ramsen",67.8,70,58.5
75614052964,"Stein am Rhein",55.5,54.3,43.7
75614062971,"Hallau",64.7,67.6,52.4
75614062972,"Oberhallau",68.8,74.8,63.5
75614062973,"Trasadingen",61.1,68.9,58
75614062974,"Wilchingen",60.8,62.9,51.1
75615013001,"Herisau",55.9,54.4,43.6
75615013002,"Hundwil",73.7,72.6,62.6
75615013003,"Schönengrund",69.6,80.3,64.4
75615013004,"Schwellbrunn",69.3,71,63.3
75615013005,"Stein (AR)",58.9,60.5,50.1
75615013006,"Urnäsch",69,65.6,60.5
75615013007,"Waldstatt",61.7,61.3,52.7
75615023021,"Bühler",61.5,61.7,52.3
75615023022,"Gais",54.7,52.5,41
75615023023,"Speicher",46.7,48,36.8
75615023024,"Teufen (AR)",52.1,46,38.5
75615023025,"Trogen",35.8,36.3,27.6
75615033031,"Grub (AR)",57,58,48.9
75615033032,"Heiden",56.3,53.3,43.3
75615033033,"Lutzenberg",69.5,66.7,56.8
75615033034,"Rehetobel",45.1,45.8,36.8
75615033035,"Reute (AR)",56.2,62.6,51.8
75615033036,"Wald (AR)",58.3,50.3,45.3
75615033037,"Walzenhausen",61.8,62.5,49.9
75615033038,"Wolfhalden",63.5,60.7,46.9
75616003101,"Appenzell",60.8,59.7,48.9
75616003102,"Gonten",71.5,72,65.3
75616003103,"Rüte",69.9,65.2,57.1
75616003104,"Schlatt-Haslen",66.9,70,54.3
75616003105,"Schwende",68.3,65,57.2
75616003111,"Oberegg",66.2,60.8,53.5
75616009160,"AI-Ausland-CH",39.3,49,43.5
75617009170,"SG-Ausland-CH",47,38.1,41.2
75617213201,"Häggenschwil",58.2,56.6,52.1
75617213202,"Muolen",59.9,59.6,50.8
75617213203,"St. Gallen",44,40.5,29.1
75617213204,"Wittenbach",59.2,56.5,44.7
75617213212,"Eggersriet",52.1,53.9,43.6
75617213441,"Andwil (SG)",61.3,51.2,47.7
75617213442,"Gaiserwald",56.6,51.5,43
75617213443,"Gossau (SG)",62.4,56.9,48.3
75617213444,"Waldkirch",65.8,67.4,56.5
75617223211,"Berg (SG)",60.8,57.4,46.4
75617223213,"Goldach",61.9,55.7,44.9
75617223214,"Mörschwil",53.7,49.3,40.1
75617223215,"Rorschach",54.3,48.4,35.9
75617223216,"Rorschacherberg",60.7,58.3,46.3
75617223217,"Steinach",60.5,57.7,45.4
75617223218,"Tübach",50.9,50.1,42.2
75617223219,"Untereggen",61.9,59.2,45.5
75617223237,"Thal",66.5,61.7,53.3
75617233231,"Au (SG)",64.6,60.6,50.9
75617233232,"Balgach",58,55.1,43.7
75617233233,"Berneck",58.6,54.4,53.2
75617233234,"Diepoldsau",68.7,61.4,50.4
75617233235,"Rheineck",64.6,61.2,49.1
75617233236,"St. Margrethen",68.1,64.6,56.2
75617233238,"Widnau",66.9,61.2,51.7
75617233251,"Altstätten",64.5,62.8,51.7
75617233252,"Eichberg",77,69.7,60.1
75617233253,"Marbach (SG)",66,63.3,52.3
75617233254,"Oberriet (SG)",76.5,69,62.9
75617233255,"Rebstein",64.5,63.9,51.8
75617233256,"Rüthi (SG)",73.6,70.7,58.4
75617243271,"Buchs (SG)",59.3,55.2,43.7
75617243272,"Gams",61.9,59.4,50.2
75617243273,"Grabs",58.2,55.1,45.4
75617243274,"Sennwald",68.3,65.6,55.8
75617243275,"Sevelen",62.9,60.5,51.8
75617243276,"Wartau",65.1,61.2,49.1
75617253291,"Bad Ragaz",61.1,55.1,45
75617253292,"Flums",76.9,70.9,62.6
75617253293,"Mels",69.5,64.3,57.6
75617253294,"Pfäfers",63.8,61.7,53.1
75617253295,"Quarten",74.4,64.6,58.1
75617253296,"Sargans",57.4,54.1,44.5
75617253297,"Vilters-Wangs",66.4,61.6,50.3
75617253298,"Walenstadt",62,58.4,48.6
75617263311,"Amden",64,63.6,54.3
75617263312,"Benken (SG)",73.3,68.7,61
75617263313,"Kaltbrunn",68.6,66,57.2
75617263315,"Schänis",70.2,68.7,58.2
75617263316,"Weesen",54.5,52.4,44.4
75617263338,"Schmerikon",60.7,58.7,43.8
75617263339,"Uznach",58.1,56.7,44.6
75617263340,"Rapperswil-Jona",54.7,50.7,38.4
75617273352,"Ebnat-Kappel",59.9,59.3,50.8
75617273359,"Wildhaus-Alt St. Johann",63.4,64.6,55.1
75617273372,"Hemberg",64.6,65.1,58.8
75617273374,"Lichtensteig",54.1,50.3,41.5
75617273375,"Oberhelfenschwil",59.4,60.8,53
75617273378,"Neckertal",67.9,66.6,56.3
75617273392,"Kirchberg (SG)",63.6,63,54
75617273393,"Lütisburg",68.3,63.6,55.6
75617273394,"Mosnang",67.9,67.5,61.1
75617283401,"Degersheim",56.4,54.3,41.3
75617283402,"Flawil",59.2,54.1,42
75617283405,"Jonschwil",65.4,64.2,53.6
75617283407,"Oberuzwil",59.2,57.4,44.3
75617283408,"Uzwil",62.3,57.8,47
75617283422,"Niederbüren",73.1,68.2,61
75617283423,"Niederhelfenschwil",64,63.2,54.2
75617283424,"Oberbüren",72,67.7,58.7
75617283426,"Zuzwil (SG)",62.2,57.8,49.1
75618213503,"Mutten",59.4,65.8,57.1
75618213506,"Vaz/Obervaz",53.3,49.6,38.9
75618213513,"Lantsch/Lenz",52.5,41.6,34.2
75618213514,"Schmitten (GR)",51.9,53.8,47.5
75618213521,"Bergün/Bravuogn",49.1,50.6,35.6
75618213522,"Filisur",46.2,48.6,32.8
75618223551,"Brusio",71.8,65.4,57.3
75618223561,"Poschiavo",59,56.2,50.4
75618233633,"Fürstenau",45.8,48.6,37.4
75618233637,"Rothenbrunnen",57,58.8,40.1
75618233638,"Scharans",53.8,53.7,38.4
75618233640,"Sils im Domleschg",57.7,59.4,49.9
75618233661,"Cazis",54,55.6,47.3
75618233662,"Flerden",37.8,38.4,34.5
75618233663,"Masein",39.9,38.9,30.8
75618233668,"Thusis",49.1,51,42.5
75618233669,"Tschappina",45.2,36.7,20.3
75618233670,"Urmein",35.6,47.9,33.3
75618233681,"Avers",64.7,64.8,47.9
75618233691,"Hinterrhein",32.4,29.4,26.2
75618233693,"Nufenen",50,48.3,46.6
75618233694,"Splügen",50,46,46
75618233695,"Sufers",58.6,43.3,40
75618233701,"Andeer",50,48.6,41.1
75618233703,"Casti-Wergenstein",51.9,72.7,37
75618233705,"Donat",32.8,34.9,28.7
75618233707,"Lohn (GR)",50,37.5,27.6
75618233708,"Mathon",30.8,28.6,32.1
75618233711,"Rongellen",75,58.6,56.7
75618233712,"Zillis-Reischen",57.9,55.3,48.8
75618233713,"Ferrera",71.8,57.5,40.4
75618243721,"Bonaduz",55.4,52.7,42.1
75618243722,"Domat/Ems",58.9,50.9,41.9
75618243723,"Rhäzüns",56.2,53.7,39.5
75618243731,"Felsberg",49.1,50.3,41.7
75618243732,"Flims",50.7,48.6,33.6
75618243733,"Tamins",44.9,45.8,37.2
75618243734,"Trin",40.5,40,24.5
75618253746,"Zernez",57.6,53.6,41.9
75618253752,"Samnaun",60.2,54.9,50
75618253762,"Scuol",47.8,44.1,33.1
75618253847,"Val Müstair",49.9,50,45
75618263941,"Haldenstein",51.7,45.4,35.1
75618263945,"Trimmis",58.9,54.7,50.5
75618263946,"Untervaz",60,55.6,48.3
75618263947,"Zizers",53.1,48.3,40.5
75618263951,"Fläsch",50.7,56.1,44.6
75618263952,"Jenins",56.1,54.3,44
75618263953,"Maienfeld",51.5,48.1,38.7
75618263954,"Malans",45.9,42.9,32.1
75618273781,"Bever",46.6,42.9,36.5
75618273782,"Celerina/Schlarigna",45.1,44.1,31.9
75618273783,"Madulain",51.3,41.6,44.6
75618273784,"Pontresina",43.2,47.3,38.6
75618273785,"La Punt-Chamues-ch",54.5,50.6,40.6
75618273786,"Samedan",42,46.4,35.8
75618273787,"St. Moritz",49.5,47,40.5
75618273788,"S-chanf",50.5,51.5,44.2
75618273789,"Sils im Engadin/Segl",34.8,37,29.7
75618273790,"Silvaplana",54.6,48.8,42.1
75618273791,"Zuoz",43.3,49.4,38.9
75618273792,"Bregaglia",52.9,53.5,44.2
75618283804,"Buseno",62.2,61.4,72.3
75618283805,"Castaneda",53.8,60.9,51.9
75618283808,"Rossa",74.2,76,78.1
75618283810,"Santa Maria in Calanca",75,69.1,74.2
75618283821,"Lostallo",70.7,75.9,69.5
75618283822,"Mesocco",70.6,67.1,64.5
75618283823,"Soazza",69.4,66.2,64
75618283831,"Cama",82.4,78.9,71.4
75618283832,"Grono",64.4,73.5,59.9
75618283833,"Leggia",72.2,88.1,81.8
75618283834,"Roveredo (GR)",65.7,72.5,69
75618283835,"San Vittore",66.2,68.9,60.6
75618283836,"Verdabbio",59.6,64.7,32.4
75618293901,"Chur",48.8,44.9,35.8
75618293911,"Churwalden",52.1,52.4,41.6
75618293921,"Arosa",54,51.8,45
75618293926,"Maladers",69.4,66.2,59.6
75618293932,"Tschiertschen-Praden",43.6,47.8,32
75618303851,"Davos",48.1,47.8,39.6
75618303861,"Fideris",50.6,62.8,48.3
75618303862,"Furna",59.6,67.5,57.8
75618303863,"Jenaz",64,63.4,50.4
75618303871,"Klosters-Serneus",56.6,61.9,49.9
75618303881,"Conters im Prättigau",77,75.6,59
75618303882,"Küblis",69.2,71,64.4
75618303891,"Luzein",67.4,64.3,57.1
75618303961,"Grüsch",59.7,54.9,50.4
75618303962,"Schiers",58.6,58.2,51.6
75618303972,"Seewis im Prättigau",55.9,55.6,51.7
75618313572,"Falera",46,47.3,37.7
75618313575,"Laax",49.2,49.8,40.6
75618313581,"Sagogn",46.9,42.3,36.6
75618313582,"Schluein",50.3,56,35.9
75618313603,"Vals",33.4,37.5,27.3
75618313611,"Andiast",52.5,58.1,50
75618313616,"Waltensburg/Vuorz",32.5,35.1,31.6
75618313981,"Breil/Brigels",48.6,50.4,43.3
75618313982,"Disentis/Mustér",48.9,50.9,41.7
75618313983,"Medel (Lucmagn)",45.3,42.8,42.5
75618313985,"Sumvitg",45.1,46.2,33.4
75618313986,"Tujetsch",55.6,50.4,42.3
75618313987,"Trun",42.7,44.6,36.4
75619009190,"AG-Ausland-CH",42.9,34.3,36.2
75619014001,"Aarau",43.3,39.7,29.1
75619014002,"Biberstein",50.4,47.4,39.3
75619014003,"Buchs (AG)",56.4,50.2,41.6
75619014004,"Densbüren",67.7,65.4,58.3
75619014005,"Erlinsbach (AG)",55.1,51.5,42.3
75619014006,"Gränichen",62.6,60.6,49.9
75619014007,"Hirschthal",61.6,67.6,54.9
75619014008,"Küttigen",45.8,43.9,34.1
75619014009,"Muhen",66,64.5,52.1
75619014010,"Oberentfelden",62.4,59.8,46.8
75619014012,"Suhr",53,48,39
75619014013,"Unterentfelden",56.9,51.9,40.5
75619024021,"Baden",38.6,34.7,24.9
75619024022,"Bellikon",55,55,43.1
75619024023,"Bergdietikon",62.3,60,47.3
75619024024,"Birmenstorf (AG)",58.4,54.6,43.8
75619024026,"Ennetbaden",30.7,27.6,19.1
75619024027,"Fislisbach",52.1,54.4,40.2
75619024028,"Freienwil",48.4,51.5,38.1
75619024029,"Gebenstorf",52.9,51.2,39.5
75619024030,"Killwangen",57.4,57.2,41.4
75619024031,"Künten",60.4,59.5,46.7
75619024032,"Mägenwil",66.3,59.3,53.2
75619024033,"Mellingen",57.9,56.2,42.8
75619024034,"Neuenhof",61.9,57.1,45.7
75619024035,"Niederrohrdorf",55,53.9,39.2
75619024037,"Oberrohrdorf",48.4,47.5,38.5
75619024038,"Obersiggenthal",46.8,46,32.8
75619024039,"Remetschwil",57.6,53.7,47.1
75619024040,"Spreitenbach",64.1,65.6,46.7
75619024041,"Stetten (AG)",60.3,56.8,46.6
75619024042,"Turgi",50.6,46,33.5
75619024044,"Untersiggenthal",54.2,53.3,38.9
75619024045,"Wettingen",48.5,46.3,34.4
75619024046,"Wohlenschwil",58.9,54.5,47.2
75619024047,"Würenlingen",62.1,59.4,49.6
75619024048,"Würenlos",58.1,54.9,41.1
75619024049,"Ehrendingen",59.2,56.8,42.9
75619034061,"Arni (AG)",56.1,50.1,41.5
75619034062,"Berikon",54.1,58,44.1
75619034063,"Bremgarten (AG)",53.9,52.2,42
75619034064,"Büttikon",71.8,68.1,55.2
75619034065,"Dottikon",59.6,63,50.7
75619034066,"Eggenwil",60.1,56.6,43.2
75619034067,"Fischbach-Göslikon",68.2,63.7,55.4
75619034068,"Hägglingen",62.4,62.4,48.6
75619034071,"Jonen",55.6,54.5,41.5
75619034072,"Niederwil (AG)",61.7,63.3,50.2
75619034073,"Oberlunkhofen",54.7,55,43.7
75619034074,"Oberwil-Lieli",57.7,54.4,45.9
75619034075,"Rudolfstetten-Friedlisberg",58.2,58,47.3
75619034076,"Sarmenstorf",65.9,65.9,49.6
75619034077,"Tägerig",64.7,63.2,49.5
75619034078,"Uezwil",65,67.3,57.3
75619034079,"Unterlunkhofen",58.9,60,47.4
75619034080,"Villmergen",69.1,68.9,55.9
75619034081,"Widen",55.3,52.8,40.3
75619034082,"Wohlen (AG)",59,58,46.6
75619034083,"Zufikon",58.7,56.3,47.5
75619034084,"Islisberg",55.9,57.4,46.7
75619044091,"Auenstein",53.7,52.2,42.3
75619044092,"Birr",65.3,58.4,48.9
75619044093,"Birrhard",70.4,62.8,56.3
75619044094,"Bözen",71.3,63.6,55.7
75619044095,"Brugg",47.2,44.8,32.8
75619044096,"Effingen",63.8,55.4,53.3
75619044097,"Elfingen",44.7,45.2,41.8
75619044099,"Habsburg",61.1,62,44.3
75619044100,"Hausen (AG)",59.4,58.6,48.4
75619044104,"Lupfig",61.5,61.8,48.8
75619044105,"Mandach",73.3,69.2,60.3
75619044106,"Mönthal",64.9,66.5,57.6
75619044107,"Mülligen",59.5,53.1,45.2
75619044110,"Remigen",58.6,58.9,48.8
75619044111,"Riniken",52.5,51.2,40.1
75619044112,"Rüfenach",49.1,50,43.8
75619044113,"Scherz",60.9,59.3,50.9
75619044114,"Schinznach-Bad",62.5,58.2,46.2
75619044117,"Thalheim (AG)",68.9,65,54.9
75619044120,"Veltheim (AG)",55.8,59.9,44.2
75619044121,"Villigen",61.8,57.3,49.2
75619044122,"Villnachern",55.7,52.7,45.2
75619044123,"Windisch",49.1,44.3,34
75619054131,"Beinwil am See",58.9,56.9,47.6
75619054132,"Birrwil",56.5,56.1,49.6
75619054133,"Burg (AG)",71.1,72.7,54.9
75619054134,"Dürrenäsch",80,76,65.5
75619054135,"Gontenschwil",70.9,69.9,57.2
75619054136,"Holziken",77.3,74.4,64
75619054137,"Leimbach (AG)",71.2,64.7,54.3
75619054138,"Leutwil",77.9,76.7,67.2
75619054139,"Menziken",66.3,67.5,55.5
75619054140,"Oberkulm",70.3,70.7,58.2
75619054141,"Reinach (AG)",67,67.8,56.6
75619054142,"Schlossrued",78.5,78.5,66
75619054143,"Schmiedrued",74.1,75.8,65.9
75619054144,"Schöftland",62.7,59.9,50.2
75619054145,"Teufenthal (AG)",68.3,61,55.1
75619054146,"Unterkulm",65.5,65.4,53.3
75619054147,"Zetzwil",73.3,73.3,61.2
75619064161,"Eiken",60.8,62.2,52.5
75619064163,"Frick",54.5,52.9,45.3
75619064164,"Gansingen",59.8,58.1,49.7
75619064165,"Gipf-Oberfrick",47.4,49.1,37.2
75619064166,"Herznach",58.3,59.8,52
75619064167,"Hornussen",59,61.6,52.3
75619064169,"Kaisten",58,55.9,46.6
75619064170,"Laufenburg",54,52,42.7
75619064172,"Münchwilen (AG)",67.3,60.4,52.6
75619064173,"Oberhof",60.3,64.5,50.8
75619064175,"Oeschgen",67,61.6,50.1
75619064176,"Schwaderloch",70.6,64.3,57.6
75619064177,"Sisseln",69.3,62.6,59.6
75619064179,"Ueken",59.5,61.2,49.3
75619064181,"Wittnau",57.7,53.3,49.2
75619064182,"Wölflinswil",61.9,60.6,52.3
75619064183,"Zeihen",57.6,62.9,52.1
75619064184,"Mettauertal",56.7,59.3,51.5
75619074191,"Ammerswil",55,56.3,45.2
75619074192,"Boniswil",65.7,61.6,51.3
75619074193,"Brunegg",67.9,63.7,51.4
75619074194,"Dintikon",68.5,66.9,56.5
75619074195,"Egliswil",60.5,59,48.9
75619074196,"Fahrwangen",62.8,61.3,49.9
75619074197,"Hallwil",75.9,69.3,63.2
75619074198,"Hendschiken",61.3,60.6,53.6
75619074199,"Holderbank (AG)",78,73.5,58.6
75619074200,"Hunzenschwil",71.7,67.8,55.5
75619074201,"Lenzburg",45.4,42.3,30.5
75619074202,"Meisterschwanden",64.2,58.2,51.5
75619074203,"Möriken-Wildegg",58.4,56.3,43.7
75619074204,"Niederlenz",57,50.3,39.9
75619074205,"Othmarsingen",61.8,63.6,50.3
75619074206,"Rupperswil",63,60.1,48.8
75619074207,"Schafisheim",63.1,62.4,46.7
75619074208,"Seengen",58.9,58.4,48.3
75619074209,"Seon",62.9,61.3,51.1
75619074210,"Staufen",54.2,52.7,37.6
75619084221,"Abtwil",68.5,63,52.1
75619084222,"Aristau",64,57.9,49.3
75619084223,"Auw",64.4,62.5,53.2
75619084224,"Beinwil (Freiamt)",70.5,63.8,54.7
75619084226,"Besenbüren",68.8,65,50.8
75619084227,"Bettwil",63.8,64,49.6
75619084228,"Boswil",68.8,64.1,58.5
75619084229,"Bünzen",62.7,64.3,53.8
75619084230,"Buttwil",60,61.8,50.9
75619084231,"Dietwil",68.5,69.7,57.5
75619084232,"Geltwil",48.7,49.3,48.8
75619084233,"Kallern",59,67.4,56
75619084234,"Merenschwand",59.8,56.7,48.2
75619084235,"Mühlau",69.9,65.4,58.3
75619084236,"Muri (AG)",57.4,54.2,43.7
75619084237,"Oberrüti",63.1,56.7,44.6
75619084238,"Rottenschwil",67,68.5,55.8
75619084239,"Sins",62.4,62.1,49.5
75619084240,"Waltenschwil",63.2,61.3,50.5
75619094251,"Hellikon",72.7,74.9,62.6
75619094252,"Kaiseraugst",57.4,54.8,44.3
75619094253,"Magden",51.2,48.5,38.5
75619094254,"Möhlin",60.1,57.7,45.5
75619094255,"Mumpf",63.3,57.7,53.2
75619094256,"Obermumpf",66.5,57.8,46.8
75619094257,"Olsberg",47.3,50.9,48.6
75619094258,"Rheinfelden",47.9,45.9,35.3
75619094259,"Schupfart",67.8,64.6,56.8
75619094260,"Stein (AG)",63.5,58.8,48
75619094261,"Wallbach",64.6,58.4,48.8
75619094262,"Wegenstetten",59.7,59.8,49.3
75619094263,"Zeiningen",53.8,52.4,42.7
75619094264,"Zuzgen",61,62.4,45.2
75619104271,"Aarburg",60.6,60.3,47.3
75619104272,"Attelwil",77.8,77.1,64.6
75619104273,"Bottenwil",66.1,66.5,55.2
75619104274,"Brittnau",61.2,61.4,53
75619104275,"Kirchleerau",72,71.8,59.7
75619104276,"Kölliken",60.3,60.4,49.4
75619104277,"Moosleerau",72.9,70.9,59.2
75619104279,"Murgenthal",70,68,57.2
75619104280,"Oftringen",62.2,62.3,46.6
75619104281,"Reitnau",66.3,68.8,55.8
75619104282,"Rothrist",64.6,64.2,51.7
75619104283,"Safenwil",69,67.3,55.9
75619104284,"Staffelbach",70.3,67.6,59.4
75619104285,"Strengelbach",60.2,60.4,48.6
75619104286,"Uerkheim",70.7,70.5,59.9
75619104287,"Vordemwald",60,61.9,52
75619104288,"Wiliberg",74.7,74.3,61.2
75619104289,"Zofingen",48.5,47.3,36.5
75619114301,"Baldingen",70.2,70.1,54.1
75619114302,"Böbikon",77.3,76.7,48.9
75619114303,"Böttstein",71.5,66.2,57.9
75619114304,"Döttingen",66,60.4,50.8
75619114305,"Endingen",51.9,51.8,39.7
75619114306,"Fisibach",62.9,67.6,55.3
75619114307,"Full-Reuenthal",60.7,63.9,52.8
75619114308,"Kaiserstuhl",36,40.5,31.7
75619114309,"Klingnau",62.9,56.8,42.4
75619114310,"Koblenz",67.5,61.8,53.9
75619114311,"Leibstadt",74.8,68.1,59.6
75619114312,"Lengnau (AG)",59.7,61.2,46.7
75619114313,"Leuggern",73.7,69.9,59.8
75619114314,"Mellikon",57.6,52.6,40.2
75619114315,"Rekingen (AG)",64.4,71.4,56.8
75619114316,"Rietheim",59.1,56.5,44
75619114317,"Rümikon",55.8,66.3,53.4
75619114318,"Schneisingen",61.5,58,46.5
75619114319,"Siglistorf",68.5,70.6,57.8
75619114320,"Tegerfelden",61.6,61.4,54.1
75619114322,"Wislikofen",46.5,42.8,43.6
75619114323,"Bad Zurzach",59.8,54.8,45
75620009200,"TG-Ausland-CH",46.6,37.2,40.1
75621015001,"Arbedo-Castione",63.2,70.4,60.6
75621015002,"Bellinzona",51.8,59.9,52.8
75621015003,"Cadenazzo",68.8,72.4,68.3
75621015004,"Camorino",59.2,67.9,60.4
75621015005,"Giubiasco",58.6,66.6,59.4
75621015006,"Gnosca",63.2,72.7,62.9
75621015007,"Gorduno",56.7,63.6,59.1
75621015008,"Gudo",66.2,69.2,66.8
75621015009,"Isone",85.2,90.2,83.6
75621015010,"Lumino",67.2,73.4,64
75621015012,"Moleno",70.8,69.8,63.8
75621015013,"Monte Carasso",63.3,70.4,63
75621015014,"Pianezzo",67.4,61.8,60.8
75621015015,"Preonzo",59.3,62.2,61.7
75621015017,"Sant'Antonino",71.3,77.2,68.8
75621015018,"Sant'Antonio",62.6,66.4,54.7
75621015019,"Sementina",63,70.3,60.2
75621025048,"Acquarossa",64.6,69.4,64.2
75621025049,"Blenio",67.3,72.6,71
75621035061,"Airolo",72.2,73.5,69.5
75621035063,"Bedretto",63.6,72.7,61.4
75621035064,"Bodio",67.7,73.1,59.9
75621035071,"Dalpe",68.5,72.2,62.7
75621035072,"Faido",62.8,65.9,63.3
75621035073,"Giornico",64.8,72.4,67.5
75621035076,"Personico",56.6,59.8,57.5
75621035077,"Pollegio",62.7,70.6,67.1
75621035078,"Prato (Leventina)",64.4,66.5,55.6
75621035079,"Quinto",58.7,67,68
75621035081,"Sobrio",63.3,78.1,77.8
75621045091,"Ascona",61.8,62.4,58.4
75621045095,"Brione (Verzasca)",67.9,67.6,66.3
75621045096,"Brione sopra Minusio",56.9,63,55.1
75621045097,"Brissago",63.3,66.7,60.3
75621045102,"Corippo",80,71.4,50
75621045105,"Frasco",75,76,76.7
75621045108,"Gordola",63.5,68.1,62
75621045109,"Gresso",94.4,79.3,85.3
75621045112,"Lavertezzo",59.4,69.6,65.2
75621045113,"Locarno",59.8,63.1,55.3
75621045115,"Losone",63.6,67.4,61.5
75621045117,"Mergoscia",60.7,57.8,56.5
75621045118,"Minusio",56.7,60.8,52.9
75621045119,"Mosogno",61.1,44,61.3
75621045120,"Muralto",56.1,61.9,56.5
75621045121,"Orselina",47.6,57.3,49.1
75621045125,"Ronco sopra Ascona",59.8,65.2,53.7
75621045129,"Sonogno",65,61,53.8
75621045131,"Tenero-Contra",61.2,63.9,58.9
75621045132,"Vergeletto",63.2,63.9,58.8
75621045135,"Vogorno",64.7,68.6,64.2
75621045136,"Onsernone",48.7,53,52.8
75621045137,"Isorno",33.7,38.5,37.9
75621045138,"Cugnasco-Gerra",61.8,71.7,60.3
75621045397,"Centovalli",61.5,66.7,60.8
75621045398,"Gambarogno",59.8,66.8,59.4
75621055141,"Agno",63.4,74.1,64.1
75621055143,"Aranno",41.6,51.2,51.9
75621055144,"Arogno",60.5,70,60.3
75621055146,"Astano",56.1,63,45.9
75621055148,"Bedano",66.6,73.5,62.5
75621055149,"Bedigliora",52.8,62.5,55.3
75621055151,"Bioggio",61,71.8,60.8
75621055154,"Bissone",68.4,69.9,61.3
75621055160,"Brusino Arsizio",58.8,68,53.4
75621055161,"Cademario",66.8,69.1,59.4
75621055162,"Cadempino",66.6,74.7,63.2
75621055167,"Canobbio",64,72.2,60.3
75621055171,"Caslano",66.3,70,58.6
75621055176,"Comano",56.5,62.4,52.9
75621055178,"Croglio",59.5,67.9,62.9
75621055180,"Cureglia",53.1,62.1,50.5
75621055181,"Curio",53.5,70.5,57.9
75621055186,"Grancia",79.2,82.4,64.8
75621055187,"Gravesano",65.8,74.1,64.4
75621055189,"Lamone",65,73.6,61
75621055192,"Lugano",60.9,67.3,57.8
75621055193,"Magliaso",71.1,76.8,64.6
75621055194,"Manno",57.9,69.8,58.2
75621055195,"Maroggia",61,71.4,64
75621055196,"Massagno",52.3,59.9,46.1
75621055197,"Melano",65.9,73.1,62.9
75621055198,"Melide",61.4,63.9,52.7
75621055199,"Mezzovico-Vira",73.6,80.4,71.6
75621055200,"Miglieglia",62.2,78,60.7
75621055202,"Monteggio",77.2,79.4,66.7
75621055203,"Morcote",70.1,64.2,62.5
75621055205,"Muzzano",58.2,66.8,55
75621055206,"Neggio",55.8,68,50.3
75621055207,"Novaggio",49,60.8,52.3
75621055208,"Origlio",58.2,61.4,56.4
75621055210,"Paradiso",65.6,68.1,62.8
75621055212,"Ponte Capriasca",59.8,70.7,57.3
75621055213,"Ponte Tresa",61.9,69.3,66.1
75621055214,"Porza",63.2,65.8,57.7
75621055216,"Pura",62,70.3,60.2
75621055219,"Rovio",57.5,71.7,62.9
75621055221,"Savosa",62.9,70,58.1
75621055222,"Sessa",56.8,71.3,56.6
75621055225,"Sorengo",53.9,60.5,49.9
75621055226,"Capriasca",55.5,65.8,54.2
75621055227,"Torricella-Taverne",61.9,76.3,61.6
75621055230,"Vernate",65.8,65.7,52.4
75621055231,"Vezia",63.9,67.5,57.4
75621055233,"Vico Morcote",74.7,70.2,54.6
75621055236,"Collina d'Oro",61,69.5,53.3
75621055237,"Alto Malcantone",61.1,66.7,55.4
75621055238,"Monteceneri",67.5,79,67.7
75621065242,"Balerna",63.6,72.2,60.2
75621065249,"Castel San Pietro",61.3,70.8,59.9
75621065250,"Chiasso",67.1,72,63.5
75621065251,"Coldrerio",67.6,74.2,63.1
75621065254,"Mendrisio",58.3,68.9,59.6
75621065257,"Morbio Inferiore",65.9,72.7,61.7
75621065260,"Novazzano",70.9,78.6,66.5
75621065263,"Riva San Vitale",65.3,73.5,64.5
75621065266,"Stabio",61,72.9,62.6
75621065268,"Vacallo",62.4,68.9,61.1
75621065269,"Breggia",59.8,68.6,59.8
75621075281,"Biasca",67.3,75.6,67.7
75621075282,"Claro",65.6,74.3,61.6
75621075283,"Cresciano",67.6,84.7,77.8
75621075284,"Iragna",58.8,72.6,67.9
75621075285,"Lodrino",67.4,68.2,64.4
75621075286,"Osogna",61.7,74.4,66.1
75621085304,"Bosco/Gurin",45.5,56.3,46.2
75621085307,"Campo (Vallemaggia)",90,62.5,44.1
75621085309,"Cerentino",50,40,60
75621085310,"Cevio",63,63.8,59.8
75621085315,"Linescio",72.7,66.7,70.8
75621085317,"Maggia",60.5,66.5,61.5
75621085323,"Lavizzara",70.2,72.1,71.6
75621085324,"Avegno Gordevio",62.2,63.9,56.1
75622009220,"VD-CH de l'étranger",40.5,30.9,41.3
75622215401,"Aigle",52.1,45.1,35.2
75622215402,"Bex",49.1,45.9,38.2
75622215403,"Chessel",60.3,51.5,47.5
75622215404,"Corbeyrier",55.7,51.6,46.6
75622215405,"Gryon",46.9,47.5,41.9
75622215406,"Lavey-Morcles",58,54.4,46.1
75622215407,"Leysin",46.4,40.7,33.1
75622215408,"Noville",57.3,45.3,41.6
75622215409,"Ollon",48.4,42.8,37.2
75622215410,"Ormont-Dessous",61.1,53.9,47.9
75622215411,"Ormont-Dessus",48.1,42.6,44.1
75622215412,"Rennaz",55.3,44.3,44.3
75622215413,"Roche (VD)",60.4,54.3,47
75622215414,"Villeneuve (VD)",53.3,49.1,39
75622215415,"Yvorne",46.7,40.3,35.9
75622225451,"Avenches",43.8,47.1,44.3
75622225456,"Cudrefin",50.1,43.1,43.6
75622225458,"Faoug",45.1,43.8,37.6
75622225662,"Brenles",30.1,55,39
75622225663,"Bussy-sur-Moudon",55.1,51.1,55.5
75622225665,"Chavannes-sur-Moudon",57.1,57,54.9
75622225666,"Chesalles-sur-Moudon",48.3,51.5,38.7
75622225668,"Cremin",50,60,50
75622225669,"Curtilles",56.4,42.8,31.7
75622225671,"Dompierre (VD)",53.5,52.9,48.7
75622225672,"Forel-sur-Lucens",40.3,43.2,40.9
75622225673,"Hermenches",36,55,51.6
75622225674,"Lovatens",59.3,47.8,42.3
75622225675,"Lucens",51.8,50.6,43.7
75622225678,"Moudon",48.6,51.4,42
75622225683,"Prévonloup",43.6,35.6,42.3
75622225684,"Rossenges",66.7,53.6,43.2
75622225686,"Sarzens",42.1,41,21.7
75622225688,"Syens",50,60.4,54.5
75622225690,"Villars-le-Comte",54.9,61.2,61
75622225692,"Vucherens",50.3,50.4,39
75622225782,"Carrouge (VD)",40.7,38.7,34.9
75622225785,"Corcelles-le-Jorat",59.6,47.4,42
75622225798,"Ropraz",57,49.4,38.6
75622225803,"Vulliens",51.4,55.3,35.4
75622225812,"Champtauroz",54.3,41.1,37.5
75622225813,"Chevroux",51.9,53.3,53.1
75622225816,"Corcelles-près-Payerne",54.7,56,49.6
75622225817,"Grandcour",51.2,49.2,38.9
75622225819,"Henniez",58.8,56.6,49.1
75622225821,"Missy",42.1,42.1,35.9
75622225822,"Payerne",57.8,54.8,46.9
75622225827,"Trey",48.5,48.3,41.9
75622225828,"Treytorrens (Payerne)",50,51.8,47.6
75622225830,"Villarzel",53.7,55.8,46.7
75622235471,"Bettens",46.7,41.6,41.8
75622235472,"Bournens",50.5,48.9,35.1
75622235473,"Boussens",54.9,49.2,41
75622235480,"Daillens",49.8,40.1,36.7
75622235487,"Lussery-Villars",42.9,38.2,41.3
75622235489,"Mex (VD)",44.2,50,43.4
75622235495,"Penthalaz",45.1,44.7,37.2
75622235496,"Penthaz",52.1,43.1,39.1
75622235501,"Sullens",55.4,51.5,39.8
75622235503,"Vufflens-la-Ville",41.7,39.9,35.8
75622235511,"Assens",41.8,40.1,34.6
75622235512,"Bercher",41.9,39.4,37
75622235513,"Bioley-Orjulaz",61.6,54.9,45.5
75622235514,"Bottens",47.9,48.5,42.4
75622235515,"Bretigny-sur-Morrens",47.8,46.1,37.7
75622235516,"Cugy (VD)",40.2,36.2,31.7
75622235518,"Echallens",41.4,42.8,34.7
75622235520,"Essertines-sur-Yverdon",54.9,49.7,40.8
75622235521,"Etagnières",45.1,39.4,34.2
75622235522,"Fey",39,38,34.2
75622235523,"Froideville",47.2,45,42
75622235527,"Morrens (VD)",43.2,39.5,38.9
75622235529,"Oulens-sous-Echallens",42.4,41.9,36.1
75622235530,"Pailly",56.8,51.5,51.7
75622235531,"Penthéréaz",39,44.3,41.5
75622235533,"Poliez-Pittet",56.1,48.5,41.7
75622235534,"Rueyres",58.6,46.7,46.8
75622235535,"Saint-Barthélemy (VD)",47.5,43.1,41
75622235537,"Villars-le-Terroir",57.2,49.6,42.6
75622235539,"Vuarrens",50,41.6,39.1
75622235661,"Boulens",45.2,48.1,45.5
75622235680,"Ogens",60.3,58.7,52.1
75622235923,"Oppens",43.9,48.2,35.6
75622245551,"Bonvillars",53.6,47.7,41.7
75622245552,"Bullet",57.5,47.5,50.7
75622245553,"Champagne",44.8,40.8,35.6
75622245554,"Concise",44.4,40.7,41.7
75622245555,"Corcelles-près-Concise",30.3,26.4,24.1
75622245556,"Fiez",40.1,37.8,29.6
75622245557,"Fontaines-sur-Grandson",60.6,50.8,48.8
75622245559,"Giez",44.8,39.4,32.8
75622245560,"Grandevent",47.1,45.3,39.4
75622245561,"Grandson",40.5,39,32.1
75622245562,"Mauborget",48.9,52.9,60.3
75622245563,"Mutrux",55.1,29.6,47.5
75622245564,"Novalles",43.9,44.9,39.7
75622245565,"Onnens (VD)",38.5,34.4,34.5
75622245566,"Provence",56.4,44.3,48.4
75622245568,"Sainte-Croix",47.7,45.3,39.7
75622245741,"L'Abergement",55.7,44.1,48.1
75622245742,"Agiez",55,40.8,42.9
75622245743,"Arnex-sur-Orbe",43.9,39.8,39.2
75622245744,"Ballaigues",46.3,42.2,44.2
75622245745,"Baulmes",43.6,42,36.9
75622245746,"Bavois",51.7,46.2,45.4
75622245747,"Bofflens",50,51.8,36.2
75622245748,"Bretonnières",46.8,46.4,37.7
75622245749,"Chavornay",50.7,45.9,42.5
75622245750,"Les Clées",41.3,24.7,27.5
75622245751,"Corcelles-sur-Chavornay",41.9,35.8,35.9
75622245752,"Croy",35.7,38.5,33.6
75622245754,"Juriens",35.9,41.7,32.6
75622245755,"Lignerolle",52.4,52,51.7
75622245756,"Montcherand",56.2,50,45.3
75622245757,"Orbe",46.9,45.7,38.7
75622245758,"La Praz",52.3,48.7,48.2
75622245759,"Premier",31.5,36.3,31.3
75622245760,"Rances",51.1,49.8,48.3
75622245761,"Romainmôtier-Envy",36.5,41.3,34.9
75622245762,"Sergey",50,62.1,45.3
75622245763,"Valeyres-sous-Rances",48,43,44.4
75622245764,"Vallorbe",55.1,47.5,43.5
75622245765,"Vaulion",46.3,45.6,47.3
75622245766,"Vuiteboeuf",50,51.3,40
75622245871,"L'Abbaye",41.4,40.8,33.6
75622245872,"Le Chenit",42.8,44.1,38.9
75622245873,"Le Lieu",41.6,39.9,36.6
75622245902,"Belmont-sur-Yverdon",45.5,48.8,38
75622245903,"Bioley-Magnoux",76,58.5,46.1
75622245904,"Chamblon",42.2,46.2,33.5
75622245905,"Champvent",55.4,48.4,37.5
75622245907,"Chavannes-le-Chêne",50,46.2,52.8
75622245908,"Chêne-Pâquier",48.1,49.2,30.2
75622245909,"Cheseaux-Noréaz",44,34.6,33
75622245910,"Cronay",50.6,41.7,33.5
75622245911,"Cuarny",65.9,64.4,63.7
75622245912,"Démoret",59,47.3,51.2
75622245913,"Donneloye",52.2,50.2,42.5
75622245914,"Ependes (VD)",52.7,49.6,47.7
75622245915,"Essert-Pittet",64.4,44,50.7
75622245919,"Mathod",44.1,44.5,39.9
75622245921,"Molondin",61.3,52.3,52.2
75622245922,"Montagny-près-Yverdon",47.1,40.6,38.3
75622245924,"Orges",43,39.5,41
75622245925,"Orzens",46.1,43.6,42.5
75622245926,"Pomy",52.8,41.3,39.3
75622245928,"Rovray",55.6,58.4,45.6
75622245929,"Suchy",48,37.9,34.4
75622245930,"Suscévaz",61.8,51.5,43.6
75622245931,"Treycovagnes",51.8,41,36.7
75622245932,"Ursins",47.1,41.9,47.3
75622245933,"Valeyres-sous-Montagny",51.1,39.3,38.8
75622245934,"Valeyres-sous-Ursins",50.5,51.6,46.2
75622245935,"Villars-Epeney",60,50,44.3
75622245937,"Vugelles-La Mothe",54.8,58.7,55.6
75622245938,"Yverdon-les-Bains",44.8,41.5,35.4
75622245939,"Yvonand",47.5,45,38.6
75622255582,"Cheseaux-sur-Lausanne",44.7,38,31.4
75622255584,"Epalinges",34.1,32.9,28.4
75622255585,"Jouxtens-Mézery",33.5,30.3,26.4
75622255586,"Lausanne",34.5,32.5,24.5
75622255587,"Le Mont-sur-Lausanne",42.3,38.1,28.9
75622255592,"Romanel-sur-Lausanne",45.1,45.5,37.3
75622265581,"Belmont-sur-Lausanne",36.3,34.7,28.5
75622265588,"Paudex",40.4,31.7,31.2
75622265590,"Pully",35.9,31.6,26.8
75622265601,"Chexbres",40.4,37,33
75622265604,"Forel (Lavaux)",49.7,43.8,37.2
75622265606,"Lutry",36.8,31.7,27.5
75622265607,"Puidoux",41.1,42,35.7
75622265609,"Rivaz",34.5,30.8,24.3
75622265610,"Saint-Saphorin (Lavaux)",27.8,26.8,24.6
75622265611,"Savigny",38.3,41.4,32.7
75622265788,"Essertes",50,40.8,60.3
75622265789,"Ferlens (VD)",41.9,45.5,35.9
75622265790,"Maracon",44.3,40.4,41.1
75622265791,"Mézières (VD)",41.8,41.7,32.2
75622265792,"Montpreveyres",42.7,36.5,33.2
75622265799,"Servion",43.8,41.4,34
75622275421,"Apples",32.2,31.8,28.9
75622275422,"Aubonne",33.5,33.2,28.4
75622275423,"Ballens",52.1,43.4,37.6
75622275424,"Berolle",33.3,35.1,29.5
75622275425,"Bière",58.6,49,47.7
75622275426,"Bougy-Villars",46.7,39.9,46.8
75622275427,"Féchy",35.2,39.9,32.4
75622275428,"Gimel",47.2,44.9,41.7
75622275431,"Mollens (VD)",61.8,44.4,45.6
75622275432,"Montherod",35.6,36.5,39.9
75622275435,"Saint-Livres",50,42.5,35.5
75622275436,"Saint-Oyens",56.7,48.5,41.5
75622275437,"Saubraz",56.7,53.3,45.2
75622275474,"La Chaux (Cossonay)",36.1,34.1,36.5
75622275475,"Chavannes-le-Veyron",49,37.7,45.8
75622275476,"Chevilly",28.4,24.5,27.9
75622275477,"Cossonay",39.9,35.4,33
75622275478,"Cottens (VD)",52.3,40.7,33.3
75622275479,"Cuarnens",34.7,35.6,32.5
75622275481,"Dizy",44.4,40,34.7
75622275482,"Eclépens",44.6,45.4,40.7
75622275483,"Ferreyres",38.7,32.8,29.3
75622275484,"Gollion",42.5,43.1,37.8
75622275485,"Grancy",34.1,28.4,30.5
75622275486,"L'Isle",46.3,43.4,35.5
75622275488,"Mauraz",25.9,41.9,53.3
75622275490,"Moiry",36.1,40.5,29
75622275491,"Mont-la-Ville",58.2,35,41.9
75622275492,"Montricher",45.7,39.8,38.8
75622275493,"Orny",42.9,28.7,30.3
75622275494,"Pampigny",41.8,42.4,38.3
75622275497,"Pompaples",45.6,39.8,34.6
75622275498,"La Sarraz",42,39.1,31.9
75622275499,"Senarclens",42.8,45.1,34.1
75622275500,"Sévery",41.3,44.8,39.5
75622275621,"Aclens",42.1,33.7,35.2
75622275622,"Bremblens",44,33,33.6
75622275623,"Buchillon",38.9,46,33
75622275625,"Bussy-Chardonney",35.3,32.1,24.9
75622275628,"Chigny",34,41.1,24.4
75622275629,"Clarmont",32.8,36.6,40.3
75622275631,"Denens",34.5,30.6,28.2
75622275632,"Denges",39.4,36.5,29
75622275633,"Echandens",44.3,39.1,33.5
75622275634,"Echichens",34.3,35.7,28.4
75622275636,"Etoy",34,31.8,27.1
75622275637,"Lavigny",37.1,33.2,28.5
75622275638,"Lonay",42.2,36.6,30.6
75622275639,"Lully (VD)",32.3,27.9,22.8
75622275640,"Lussy-sur-Morges",23.9,19,21
75622275642,"Morges",38.2,35.4,29.3
75622275643,"Préverenges",39.6,38.7,32.3
75622275644,"Reverolle",35,43.6,32.7
75622275645,"Romanel-sur-Morges",36.6,36.5,26.2
75622275646,"Saint-Prex",41.4,35,30.9
75622275649,"Tolochenaz",42.3,41.1,31.6
75622275650,"Vaux-sur-Morges",39.7,26.7,20.2
75622275652,"Villars-sous-Yens",39.8,31.7,28.8
75622275653,"Vufflens-le-Château",33.2,42.9,31.5
75622275654,"Vullierens",32.2,31.1,33.2
75622275655,"Yens",37.9,37.1,31.3
75622275851,"Allaman",36.4,36.3,38.7
75622285429,"Longirod",44.4,39.8,36.7
75622285430,"Marchissy",26.6,29.3,31.5
75622285434,"Saint-George",36.1,36.8,29
75622285701,"Arnex-sur-Nyon",38.3,28.7,29.5
75622285702,"Arzier-Le Muids",46.6,41.9,36.2
75622285703,"Bassins",52.2,36.7,35.5
75622285704,"Begnins",42.7,34.6,35.4
75622285705,"Bogis-Bossey",35.2,32.9,31.2
75622285706,"Borex",39.5,32.1,32.3
75622285707,"Chavannes-de-Bogis",47.1,48.3,39.1
75622285708,"Chavannes-des-Bois",36.2,33.9,29.6
75622285709,"Chéserex",43,37.2,32.8
75622285710,"Coinsins",44.6,50,38
75622285711,"Commugny",45.9,37.9,34.8
75622285712,"Coppet",37,36.2,33.4
75622285713,"Crans-près-Céligny",36.2,34.5,30.1
75622285714,"Crassier",37.4,35.5,31.2
75622285715,"Duillier",36.4,31.2,30.7
75622285716,"Eysins",35.2,36.3,33.5
75622285717,"Founex",37.1,31.7,29.5
75622285718,"Genolier",40.7,34.4,32.2
75622285719,"Gingins",39.4,37.6,34.1
75622285720,"Givrins",40.9,34.1,35.3
75622285721,"Gland",41.1,40.1,33.4
75622285722,"Grens",31.5,26.6,27.7
75622285723,"Mies",31.9,33.4,30.6
75622285724,"Nyon",37.2,36.2,30.8
75622285725,"Prangins",33.6,31.1,28.1
75622285726,"La Rippe",31.8,32.4,29.5
75622285727,"Saint-Cergue",44.7,45.8,42.4
75622285728,"Signy-Avenex",38.6,33,29.5
75622285729,"Tannay",30.8,32.7,29.4
75622285730,"Trélex",39.6,31.9,29.3
75622285731,"Le Vaud",41.6,36.6,31
75622285732,"Vich",42.1,39.1,31.5
75622285852,"Bursinel",34.9,35.7,34.5
75622285853,"Bursins",38.6,35.6,27
75622285854,"Burtigny",50.9,44.4,44.4
75622285855,"Dully",39,33.5,30.9
75622285856,"Essertines-sur-Rolle",41,37.8,32.1
75622285857,"Gilly",43.1,45.1,34.8
75622285858,"Luins",46.9,43.1,38.4
75622285859,"Mont-sur-Rolle",44.2,39.8,34.1
75622285860,"Perroy",39.7,38.2,36.9
75622285861,"Rolle",38.1,36.5,30.1
75622285862,"Tartegnin",45.5,31.4,35.5
75622285863,"Vinzel",36.2,27.2,26.8
75622295583,"Crissier",47.2,40.8,36.7
75622295589,"Prilly",44.2,41.4,32.8
75622295591,"Renens (VD)",43.8,42.6,30.8
75622295624,"Bussigny",41.8,43.1,35.5
75622295627,"Chavannes-près-Renens",44.8,42.6,35
75622295635,"Ecublens (VD)",48.1,45.5,35.5
75622295648,"Saint-Sulpice (VD)",45.5,38.4,32
75622295651,"Villars-Sainte-Croix",48.2,49.5,40.2
75622305841,"Château-d'Oex",50.7,42.8,40.3
75622305842,"Rossinière",48.8,47.5,39.7
75622305843,"Rougemont",59.6,57.7,50
75622305881,"Blonay",39.3,34.3,30.9
75622305882,"Chardonne",34,35.2,28.8
75622305883,"Corseaux",39.2,33.5,29.6
75622305884,"Corsier-sur-Vevey",46.6,43.7,36.6
75622305885,"Jongny",35.6,39.2,32.3
75622305886,"Montreux",43.6,40.7,33.9
75622305888,"Saint-Légier-La Chiésaz",38.3,34.2,28.7
75622305889,"La Tour-de-Peilz",37.9,36,30.4
75622305890,"Vevey",37.6,35.2,26.8
75622305891,"Veytaux",44.3,38.9,33.4
75623016002,"Brig-Glis",56.7,52.8,47.5
75623016004,"Eggerberg",67.7,66.5,62
75623016007,"Naters",60.4,55.5,52.6
75623016008,"Ried-Brig",58.2,52.6,49.7
75623016009,"Simplon",54.7,53.5,48.3
75623016010,"Termen",59.2,51.7,48.7
75623016011,"Zwischbergen",96.2,78,88.4
75623026021,"Ardon",49.2,51.5,45.9
75623026022,"Chamoson",52.1,47.2,46
75623026023,"Conthey",51.4,48.4,46.7
75623026024,"Nendaz",47.1,45.4,43.7
75623026025,"Vétroz",52,49.9,46.3
75623036031,"Bagnes",49.5,42.2,37.8
75623036032,"Bourg-Saint-Pierre",55.3,44.4,45.3
75623036033,"Liddes",44.3,42.1,46.2
75623036034,"Orsières",50.7,43.8,44.3
75623036035,"Sembrancher",53.2,58.3,52.2
75623036036,"Vollèges",38.9,38.7,35.1
75623046052,"Bellwald",47.8,49.2,43.7
75623046054,"Binn",44.2,39.7,30.6
75623046055,"Blitzingen",64,53.3,50
75623046056,"Ernen",51,49.8,48.7
75623046057,"Fiesch",52.6,50.5,45.8
75623046058,"Fieschertal",60.8,57,53.5
75623046061,"Lax",57.8,41.9,39.8
75623046064,"Niederwald",33.3,29.6,30
75623046073,"Grafschaft",61,65.4,52.2
75623046074,"Münster-Geschinen",53.6,46,49.5
75623046075,"Reckingen-Gluringen",48.4,52.8,44.3
75623046076,"Obergoms",60.3,53.4,52.1
75623056081,"Les Agettes",43.6,49,40.5
75623056082,"Ayent",42.1,41,40.5
75623056083,"Evolène",49,45.6,47.3
75623056084,"Hérémence",45.5,51.1,46.6
75623056087,"Saint-Martin (VS)",47.9,43.3,41.6
75623056089,"Vex",50.8,46.1,42.1
75623066101,"Agarn",58.9,57.6,52.7
75623066102,"Albinen",62.9,51.1,52.1
75623066104,"Ergisch",72.3,74,62
75623066109,"Inden",66.7,45.3,45.1
75623066110,"Leuk",58.4,55.1,49
75623066111,"Leukerbad",57.3,49.6,51.5
75623066112,"Oberems",45.7,48.1,52
75623066113,"Salgesch",59.4,61.7,56.1
75623066116,"Varen",65.5,51.6,52
75623066117,"Guttet-Feschel",65.2,60.1,61.6
75623066118,"Gampel-Bratsch",63.3,58.9,54.7
75623076131,"Bovernier",52.5,49,47.1
75623076132,"Charrat",50.9,47.9,41.2
75623076133,"Fully",49.2,44.6,41.8
75623076134,"Isérables",63.7,59.1,63.6
75623076135,"Leytron",58.1,49.5,51.4
75623076136,"Martigny",44.6,42.2,37.7
75623076137,"Martigny-Combe",46,44.6,39.7
75623076139,"Riddes",58.7,49.4,52.1
75623076140,"Saillon",53.8,45.2,44.5
75623076141,"Saxon",62.2,57.7,55.1
75623076142,"Trient",47.4,47.6,39.5
75623086151,"Champéry",52,43.5,44.2
75623086152,"Collombey-Muraz",56.6,52.2,46.3
75623086153,"Monthey",49.9,46.9,42.6
75623086154,"Port-Valais",60.7,55,49.4
75623086155,"Saint-Gingolph",51.8,48.9,42.8
75623086156,"Troistorrents",58.1,56.1,51.8
75623086157,"Val-d'Illiez",63.7,60.7,57.5
75623086158,"Vionnaz",54.8,47.4,46.6
75623086159,"Vouvry",55.6,51.6,43.1
75623096172,"Bister",65,68.8,70
75623096173,"Bitsch",63.2,57.5,46.1
75623096177,"Grengiols",68.5,57.9,50.6
75623096181,"Riederalp",55.2,46.8,46
75623096191,"Ausserberg",61.7,60.4,58.5
75623096192,"Blatten",52.3,57.8,50.9
75623096193,"Bürchen",51.2,49.9,45.6
75623096194,"Eischoll",50,57.1,52.3
75623096195,"Ferden",59.8,52,53.5
75623096197,"Kippel",45.3,39.1,32.6
75623096198,"Niedergesteln",56.6,52,53
75623096199,"Raron",57.5,55.9,48.8
75623096201,"Unterbäch",57.3,40.6,53.6
75623096202,"Wiler (Lötschen)",56.9,48.6,46.7
75623096203,"Mörel-Filet",52.9,48.6,47.1
75623096204,"Steg-Hohtenn",62,56,50.6
75623106211,"Collonges",48.5,46.5,45.3
75623106212,"Dorénaz",51.5,56.7,42.5
75623106213,"Evionnaz",48.7,49.2,39.9
75623106214,"Finhaut",41.4,31.2,33.3
75623106215,"Massongex",46.2,45.5,43.3
75623106217,"Saint-Maurice",45.5,42.4,36.6
75623106218,"Salvan",46.9,38.5,37.6
75623106219,"Vernayaz",41.5,45.4,44.8
75623106220,"Vérossaz",37.7,43.5,39.1
75623116232,"Chalais",50.3,47,42.5
75623116234,"Chermignon",48.7,48.7,41.5
75623116235,"Chippis",50.7,48,44
75623116238,"Grône",52.9,51.3,47.9
75623116239,"Icogne",43.1,45.5,40.3
75623116240,"Lens",48.5,49.9,45.1
75623116241,"Miège",41.9,41.2,37.8
75623116242,"Mollens (VS)",51.3,48.3,40.9
75623116243,"Montana",52.2,49.3,48.3
75623116244,"Randogne",50.6,47.3,44.1
75623116246,"Saint-Léonard",51.1,45.7,47.3
75623116248,"Sierre",47.1,46.9,42.8
75623116249,"Venthône",40.6,40.6,36.8
75623116250,"Veyras",46,45.5,40.2
75623116252,"Anniviers",48.4,40.2,45.1
75623126261,"Arbaz",49.3,49.5,42
75623126263,"Grimisuat",41.3,39.3,36.7
75623126265,"Savièse",51.5,49.3,48.1
75623126266,"Sion",41.5,40.4,37
75623126267,"Veysonnaz",31.8,30.9,39.1
75623136281,"Baltschieder",59.4,58.3,55.9
75623136282,"Eisten",73.1,51.1,65.7
75623136283,"Embd",77.3,66.2,69.2
75623136285,"Grächen",62.5,60.1,53.2
75623136286,"Lalden",50,59,45.8
75623136287,"Randa",56.1,60.3,56.2
75623136288,"Saas-Almagell",60.1,61.7,41.6
75623136289,"Saas-Balen",73.5,67,61.2
75623136290,"Saas-Fee",41.3,38.1,34.5
75623136291,"Saas-Grund",68.8,70.5,63.9
75623136292,"St. Niklaus",70.4,65.5,57.7
75623136293,"Stalden (VS)",62.7,59.6,57.9
75623136294,"Staldenried",54.7,49.1,50.2
75623136295,"Täsch",71,66,56.4
75623136296,"Törbel",70.1,71.4,64.7
75623136297,"Visp",60.1,53.3,48.8
75623136298,"Visperterminen",48.5,40.8,39.2
75623136299,"Zeneggen",42.9,46.5,30.6
75623136300,"Zermatt",66.2,55.7,48.1
75624016402,"Bevaix",42.8,39.4,35.5
75624016404,"Boudry",44.3,41.5,35.7
75624016407,"Corcelles-Cormondrèche",38.7,29.5,28.3
75624016408,"Cortaillod",46.1,37.8,34.1
75624016409,"Fresens",42.7,36.3,31
75624016410,"Gorgier",46.6,39.6,38.8
75624016411,"Montalchez",61.3,49,39.8
75624016412,"Peseux",46.5,42.8,37.1
75624016413,"Rochefort",36.4,37.3,36.1
75624016414,"Saint-Aubin-Sauges",40.4,37,31.6
75624016415,"Vaumarcus",44.8,28.7,40.2
75624026421,"La Chaux-de-Fonds",44.2,39.8,33.8
75624026422,"Les Planchettes",53.6,44.8,41.2
75624026423,"La Sagne",53.2,48.3,45.4
75624036431,"Les Brenets",53.1,47.7,42.5
75624036432,"La Brévine",68.3,59.7,51.2
75624036433,"Brot-Plamboz",54.9,61.3,55.1
75624036434,"Le Cerneux-Péquignot",56,52.5,54.8
75624036435,"La Chaux-du-Milieu",38.1,43.1,39.3
75624036436,"Le Locle",48.6,45.5,39.1
75624036437,"Les Ponts-de-Martel",53.9,48.4,45
75624046451,"Cornaux",53.3,50.7,39.7
75624046452,"Cressier (NE)",47.1,41.9,33
75624046453,"Enges",42.7,39,32
75624046454,"Hauterive (NE)",39.8,33,32.2
75624046455,"Le Landeron",48.5,42.7,37.9
75624046456,"Lignières",47.1,44.1,33.9
75624046458,"Neuchâtel",35.5,31.2,26.3
75624046459,"Saint-Blaise",34.9,31,25.6
75624046461,"La Tène",42.7,37.9,33.8
75624056485,"Valangin",40.4,38.4,35.2
75624066504,"La Côte-aux-Fées",55.2,49.4,46.9
75624066511,"Les Verrières",55.9,47.9,55.4
75624066512,"Val-de-Travers",57,50.4,44.2
75625006601,"Aire-la-Ville",51,40.7,40.2
75625006602,"Anières",44.6,36.3,34.3
75625006603,"Avully",49.2,41.9,36.9
75625006604,"Avusy",38.5,37,33.2
75625006605,"Bardonnex",41.6,34.6,34.2
75625006606,"Bellevue",48.8,41.4,35.5
75625006607,"Bernex",44,38.5,33.7
75625006608,"Carouge (GE)",40.6,37.4,32.3
75625006609,"Cartigny",37.9,32,28.6
75625006610,"Céligny",46.2,31.3,35.8
75625006611,"Chancy",43.6,42.8,40.5
75625006612,"Chêne-Bougeries",41,35,33.1
75625006613,"Chêne-Bourg",41.5,38.6,34.8
75625006614,"Choulex",40,37.4,32.9
75625006615,"Collex-Bossy",39.7,32.3,34.1
75625006616,"Collonge-Bellerive",42.8,35.1,32.5
75625006617,"Cologny",45.1,37.9,36.1
75625006618,"Confignon",40.3,33.2,29.3
75625006619,"Corsier (GE)",43.7,37.6,35.5
75625006620,"Dardagny",47.1,40,36.2
75625006621,"Genève",41.8,37.9,33.1
75625006622,"Genthod",42.7,40.1,34.6
75625006623,"Le Grand-Saconnex",45.5,41.4,37.5
75625006624,"Gy",33.1,30.7,31.1
75625006625,"Hermance",38.6,31.9,27.7
75625006626,"Jussy",50.3,42,41.6
75625006627,"Laconnex",40.1,30.9,30.1
75625006628,"Lancy",49.8,44.2,40.1
75625006629,"Meinier",44.3,37.9,34.8
75625006630,"Meyrin",53.2,48.3,43.1
75625006631,"Onex",53.6,47.8,42.8
75625006632,"Perly-Certoux",46.8,44,44.1
75625006633,"Plan-les-Ouates",44.1,39.4,33.6
75625006634,"Pregny-Chambésy",42,35.1,30.4
75625006635,"Presinge",41.1,33.2,27.7
75625006636,"Puplinge",44.4,41.4,34.9
75625006637,"Russin",41.8,37.9,37.5
75625006638,"Satigny",43.6,38,32.9
75625006639,"Soral",48.6,37.9,42.4
75625006640,"Thônex",47.8,44.3,38.5
75625006641,"Troinex",35.4,33.4,27.6
75625006642,"Vandoeuvres",45.2,36,35.6
75625006643,"Vernier",54.2,49.1,42.6
75625006644,"Versoix",45.1,40.7,35.7
75625006645,"Veyrier",40.7,35.6,31.9
75625009250,"GE-CH de l'étranger",38.2,28.7,36.7
75626016702,"Boécourt",49,47.2,44.7
75626016703,"Bourrignon",48.5,53.7,48.3
75626016704,"Châtillon (JU)",45.1,52.2,37.4
75626016705,"Corban",53.4,50.8,36.2
75626016706,"Courchapoix",43.3,45.3,39.4
75626016708,"Courrendlin",54.1,53.4,46.3
75626016709,"Courroux",50.2,52.1,45.5
75626016710,"Courtételle",46.6,42.7,42.2
75626016711,"Delémont",32.8,32.3,29
75626016712,"Develier",44.4,40.8,45
75626016713,"Ederswiler",82.9,92,86.5
75626016715,"Mervelier",41.8,41.4,37.1
75626016716,"Mettembert",36.7,21.8,25.8
75626016718,"Movelier",70.3,60.6,48.8
75626016719,"Pleigne",43.4,40.5,49.1
75626016720,"Rebeuvelier",46.9,54.5,41.5
75626016721,"Rossemaison",39.6,39.6,37.1
75626016722,"Saulcy",35.2,37,53.5
75626016724,"Soyhières",47.9,56.4,43
75626016728,"Vellerat",54.3,58.5,47.8
75626026741,"Le Bémont (JU)",30.4,48,41.9
75626026742,"Les Bois",35,35.3,35.5
75626026743,"Les Breuleux",36,36.8,30.3
75626026744,"La Chaux-des-Breuleux",31.4,51.9,40.3
75626026745,"Les Enfers",33.9,43.9,34.6
75626026748,"Les Genevez (JU)",44.7,46.6,46.8
75626026750,"Lajoux (JU)",28.6,36.4,29.4
75626026751,"Montfaucon",43,37.2,37.7
75626026753,"Muriaux",45.9,46.2,45.9
75626026754,"Le Noirmont",39.9,40.8,38.9
75626026757,"Saignelégier",30.1,33.9,29.5
75626026758,"Saint-Brais",43.9,50,47.9
75626026759,"Soubey",68.1,50,60
75626036771,"Alle",49.1,50.4,44
75626036773,"Beurnevésin",38.6,62.7,63.9
75626036774,"Boncourt",44.4,44.9,44.2
75626036775,"Bonfol",58.6,64.4,55.3
75626036778,"Bure",52.5,57.5,52.3
75626036781,"Coeuve",50.5,51.5,47.3
75626036782,"Cornol",52.5,52.9,46.3
75626036783,"Courchavon",47.9,47.1,40.7
75626036784,"Courgenay",48.2,52.2,45.8
75626036785,"Courtedoux",45.5,50.3,45.3
75626036787,"Damphreux",63.5,62.2,60.9
75626036789,"Fahy",63.7,53.4,56.8
75626036790,"Fontenais",33.2,41.4,34.2
75626036792,"Grandfontaine",53.1,31.8,44.3
75626036793,"Lugnez",54.7,67.1,64.5
75626036800,"Porrentruy",36.8,38.7,33.9
75626036803,"Rocourt",41.2,53,42.4
75626036806,"Vendlincourt",56.7,53.7,56.1
75626036807,"Basse-Allaine",47.8,49.4,46.9
75626036808,"Clos du Doubs",40.8,53.2,38.8
75626036809,"Haute-Ajoie",51.6,51.6,51.4
75626036810,"La Baroche",50.6,52.2,49
